measure_name,sector,program,electric_utility,gas_utility,market,baseline_condition,efficient_condition,building_type,electric_end_use,measure_life_(yrs),incremental_installed_cost_(usd),calculated_incremental_cost_(usd),incremental_installed_cost_year_1,deferred_replacement_install_cost_year_x,deferred_replacement_credit,annual_oandm_cost,annual_electric_energy_saved_(kwh),annual_natural_gas_energy_saved_(mmbtu),annual_propane_energy_saved_(mmbtu),annual_heating_oil_energy_saved_(mmbtu),water_savings_(gallons),kw-kwh_ratio,energy_impact_1,energy_impact_1_units,energy_impact_2,energy_impact_2_units,energy_impact_3,energy_impact_3_units,incremental_cost,measure_electric_energy_savings,measure_incremental_cost,deferred_replacement_credit_value,measure_natural_gas_savings,measure_fuel_oil_savings,measure_propane_savings,measure_gasoline_savings,measure_diesel_savings,measure_water_savings,electric_energy_savings_value,electric_demand_savings_value,natural_gas_savings_value,fuel_oil_savings_value,propane_savings_value,diesel_transportation_savings_value,gasoline_transportation_savings_value,other_fuel_savings_value,o_and_m_savings_value,water_savings_value,electric_incentive_pct,natural_gas_incentive_pct,nonutility_incentive_pct,electric_utility_incentive,natural_gas_utility_incentive,nonutility_incentive,electric_utility_nonmeasure_program_cost,natural_gas_utility_nonmeasure_program_costs,nonutility_nonmeasure_program_costs,risk_discount_value,electric_carbon_savings_value,electric_n2o_savings_value,electric_ch4_savings_value,end_use_fuel_externalities,other_nonresource_benefits,electric_customer_bill_savings,natural_gas_customer_bill_savings,heating_oil_customer_bill_savings,TRC_cost,TRC_benefit,TRC_BCR,SCT_cost,SCT_benefit,SCT_BCR,RIM_cost,RIM_benefit,RIM_BCR,PCT_cost,PCT_benefit,PCT_BCR
refrigerator_electricity_efficient_residential_refrigerator_electricity_existing_residential,residential,NLIRNC,test_utility_1,test_utility_2,RET_ER,refrigerator_electricity_existing_residential,refrigerator_electricity_efficient_residential,single_family_li,unknown,10,650,,,,,10,0,,,,0,0.75,700.0,kWh,,,,,650,700.0,650,0,100,100,100,100,100,1,29.03280670379642,0.0,4179.184504189173,22758.075462192704,23064.76784611334,24986.886906153846,22184.053937686604,92993.7841521465,85.30202836775828,0.1450134482251891,0.5,0.75,0.5,325.0,487.5,325.0,65.0,195.0,195.0,14.706040567355167,46.36168789077961,0.10219531733973884,2.4702729113864494,0,8.746824304857292,1512.0,10822.0,26748.0,1430.0,97310.90136972768,68.04958137743195,1430.0,97359.83552584719,68.083801067026,2584.5,97722.00146303947,37.810795690864566,650,99945.69532916033,153.7626081987082
refrigerator_electricity_efficient_residential_refrigerator_electricity_existing_residential,residential,NLIRNC,test_utility_1,test_utility_2,RET_ER,refrigerator_electricity_existing_residential,refrigerator_electricity_efficient_residential,multi_family,unknown,10,650,,,,,10,0,,,,0,0.75,1166.666667,kWh,,,,,650,1166.666667,650,0,100,100,100,100,100,1,48.38801118681918,0.0,4179.184504189173,22758.075462192704,23064.76784611334,24986.886906153846,22184.053937686604,92993.7841521465,85.30202836775828,0.1450134482251891,0.5,0.75,0.5,325.0,487.5,325.0,65.0,195.0,195.0,14.706040567355167,77.269479840043,0.17032552894822917,4.117121520153736,0,8.746824304857292,2520.0000007199997,10822.0,26748.0,1430.0,97330.2565742107,68.06311648546203,1430.0,97411.81350109984,68.12014930146842,3592.5000007199997,97741.35666752249,27.207058217935536,650,100973.05053436334,155.3431546682513
refrigerator_electricity_efficient_residential_refrigerator_electricity_existing_residential,residential,NLIRNC,test_utility_1,test_utility_2,RET_ER,refrigerator_electricity_existing_residential,refrigerator_electricity_efficient_residential,multi_family_li,unknown,10,650,,,,,10,0,,,,0,0.75,1166.666667,kWh,,,,,650,1166.666667,650,0,100,100,100,100,100,1,48.38801118681918,0.0,4179.184504189173,22758.075462192704,23064.76784611334,24986.886906153846,22184.053937686604,92993.7841521465,85.30202836775828,0.1450134482251891,0.5,0.75,0.5,325.0,487.5,325.0,65.0,195.0,195.0,14.706040567355167,77.269479840043,0.17032552894822917,4.117121520153736,0,8.746824304857292,2520.0000007199997,10822.0,26748.0,1430.0,97330.2565742107,68.06311648546203,1430.0,97411.81350109984,68.12014930146842,3592.5000007199997,97741.35666752249,27.207058217935536,650,100973.05053436334,155.3431546682513
refrigerator_electricity_efficient_residential_refrigerator_electricity_existing_residential,residential,NLIRNC,test_utility_1,test_utility_2,RET_ER,refrigerator_electricity_existing_residential,refrigerator_electricity_efficient_residential,single_family,unknown,10,650,,,,,10,0,,,,0,0.75,700.0,kWh,,,,,650,700.0,650,0,100,100,100,100,100,1,31.846768233212824,19199.02493225415,4179.184504189173,22758.075462192704,23064.76784611334,24986.886906153846,22184.053937686604,92993.7841521465,85.30202836775828,0.1450134482251891,0.5,0.75,0.5,325.0,487.5,325.0,65.0,195.0,195.0,14.706040567355167,47.526281713000884,0.09451320323717502,2.5972594263303987,0,8.746824304857292,1512.0,10822.0,26748.0,1430.0,116512.74026351124,81.47744074371415,1430.0,116562.9583178538,81.51255826423343,2584.5,116923.84035682303,45.24041027542002,650,119147.53422294388,183.30389880452904
refrigerator_electricity_efficient_residential_refrigerator_electricity_baseline_residential,residential,NLIRNC,test_utility_1,test_utility_2,NC,refrigerator_electricity_baseline_residential,refrigerator_electricity_efficient_residential,single_family_li,unknown,10,450,,,,,10,0,,,,0,0.75,450.0,kWh,,,,,450,450.0,450,0,100,100,100,100,100,1,20.472922435636818,12342.230313591954,4179.184504189173,22758.075462192704,23064.76784611334,24986.886906153846,22184.053937686604,92993.7841521465,85.30202836775828,0.1450134482251891,0.5,0.75,0.5,225.0,337.5,225.0,45.0,135.0,135.0,10.706040567355167,30.552609672643428,0.060758487795326804,1.6696667740695421,0,8.746824304857292,972.0,10822.0,26748.0,990.0,109640.57179905147,110.7480523222742,990.0,109672.85483398598,110.7806614484707,1714.5,109895.67189236326,64.09779637933116,450,111389.36575848411,247.53192390774248
refrigerator_electricity_efficient_residential_refrigerator_electricity_baseline_residential,residential,NLIRNC,test_utility_1,test_utility_2,NC,refrigerator_electricity_baseline_residential,refrigerator_electricity_efficient_residential,multi_family,unknown,10,450,,,,,10,0,,,,0,0.75,750.0,kWh,,,,,450,750.0,450,0,100,100,100,100,100,1,34.12153739272803,20570.38385598659,4179.184504189173,22758.075462192704,23064.76784611334,24986.886906153846,22184.053937686604,92993.7841521465,85.30202836775828,0.1450134482251891,0.5,0.75,0.5,225.0,337.5,225.0,45.0,135.0,135.0,10.706040567355167,50.92101612107238,0.10126414632554467,2.7827779567825703,0,8.746824304857292,1620.0,10822.0,26748.0,990.0,117882.3739564032,119.07310500646788,990.0,117936.1790146274,119.12745355012869,2362.5,118137.47404971499,50.00528002104338,450,120279.16791583585,267.28703981296854
refrigerator_electricity_efficient_residential_refrigerator_electricity_baseline_residential,residential,NLIRNC,test_utility_1,test_utility_2,NC,refrigerator_electricity_baseline_residential,refrigerator_electricity_efficient_residential,multi_family_li,unknown,10,450,,,,,10,0,,,,0,0.75,750.0,kWh,,,,,450,750.0,450,0,100,100,100,100,100,1,34.12153739272803,20570.38385598659,4179.184504189173,22758.075462192704,23064.76784611334,24986.886906153846,22184.053937686604,92993.7841521465,85.30202836775828,0.1450134482251891,0.5,0.75,0.5,225.0,337.5,225.0,45.0,135.0,135.0,10.706040567355167,50.92101612107238,0.10126414632554467,2.7827779567825703,0,8.746824304857292,1620.0,10822.0,26748.0,990.0,117882.3739564032,119.07310500646788,990.0,117936.1790146274,119.12745355012869,2362.5,118137.47404971499,50.00528002104338,450,120279.16791583585,267.28703981296854
refrigerator_electricity_efficient_residential_refrigerator_electricity_baseline_residential,residential,NLIRNC,test_utility_1,test_utility_2,NC,refrigerator_electricity_baseline_residential,refrigerator_electricity_efficient_residential,single_family,unknown,10,450,,,,,10,0,,,,0,0.75,450.0,kWh,,,,,450,450.0,450,0,100,100,100,100,100,1,20.472922435636818,12342.230313591954,4179.184504189173,22758.075462192704,23064.76784611334,24986.886906153846,22184.053937686604,92993.7841521465,85.30202836775828,0.1450134482251891,0.5,0.75,0.5,225.0,337.5,225.0,45.0,135.0,135.0,10.706040567355167,30.552609672643428,0.060758487795326804,1.6696667740695421,0,8.746824304857292,972.0,10822.0,26748.0,990.0,109640.57179905147,110.7480523222742,990.0,109672.85483398598,110.7806614484707,1714.5,109895.67189236326,64.09779637933116,450,111389.36575848411,247.53192390774248
refrigerator_electricity_efficient_residential_refrigerator_electricity_baseline_residential,residential,NLIRNC,test_utility_1,test_utility_2,ROB,refrigerator_electricity_baseline_residential,refrigerator_electricity_efficient_residential,single_family_li,unknown,10,450,,,,,10,0,,,,0,0.75,450.0,kWh,,,,,450,450.0,450,0,100,100,100,100,100,1,18.877414611440148,39261.7152662553,4179.184504189173,22758.075462192704,23064.76784611334,24986.886906153846,22184.053937686604,92993.7841521465,85.30202836775828,0.1450134482251891,0.5,0.75,0.5,225.0,337.5,225.0,45.0,135.0,135.0,10.706040567355167,28.457116681784086,0.057473521772575364,1.5604371987267982,0,8.746824304857292,972.0,10822.0,26748.0,990.0,136558.46124389063,137.93783964029356,990.0,136588.53627129292,137.96821845585143,1714.5,136813.5613372024,79.79793603802999,450,138307.25520332326,307.349456007385
refrigerator_electricity_efficient_residential_refrigerator_electricity_baseline_residential,residential,NLIRNC,test_utility_1,test_utility_2,ROB,refrigerator_electricity_baseline_residential,refrigerator_electricity_efficient_residential,multi_family,unknown,10,450,,,,,10,0,,,,0,0.75,750.0,kWh,,,,,450,750.0,450,0,100,100,100,100,100,1,31.462357685733583,65436.192110425494,4179.184504189173,22758.075462192704,23064.76784611334,24986.886906153846,22184.053937686604,92993.7841521465,85.30202836775828,0.1450134482251891,0.5,0.75,0.5,225.0,337.5,225.0,45.0,135.0,135.0,10.706040567355167,47.42852780297348,0.09578920295429227,2.6007286645446634,0,8.746824304857292,1620.0,10822.0,26748.0,990.0,162745.52303113512,164.3894172031668,990.0,162795.6480768056,164.4400485624299,2362.5,163000.6231244469,68.99497275108864,450,165142.31699056775,366.98292664570613
refrigerator_electricity_efficient_residential_refrigerator_electricity_baseline_residential,residential,NLIRNC,test_utility_1,test_utility_2,ROB,refrigerator_electricity_baseline_residential,refrigerator_electricity_efficient_residential,multi_family_li,unknown,10,450,,,,,10,0,,,,0,0.75,750.0,kWh,,,,,450,750.0,450,0,100,100,100,100,100,1,31.462357685733583,65436.192110425494,4179.184504189173,22758.075462192704,23064.76784611334,24986.886906153846,22184.053937686604,92993.7841521465,85.30202836775828,0.1450134482251891,0.5,0.75,0.5,225.0,337.5,225.0,45.0,135.0,135.0,10.706040567355167,47.42852780297348,0.09578920295429227,2.6007286645446634,0,8.746824304857292,1620.0,10822.0,26748.0,990.0,162745.52303113512,164.3894172031668,990.0,162795.6480768056,164.4400485624299,2362.5,163000.6231244469,68.99497275108864,450,165142.31699056775,366.98292664570613
refrigerator_electricity_efficient_residential_refrigerator_electricity_baseline_residential,residential,NLIRNC,test_utility_1,test_utility_2,ROB,refrigerator_electricity_baseline_residential,refrigerator_electricity_efficient_residential,single_family,unknown,10,450,,,,,10,0,,,,0,0.75,450.0,kWh,,,,,450,450.0,450,0,100,100,100,100,100,1,18.877414611440148,39261.7152662553,4179.184504189173,22758.075462192704,23064.76784611334,24986.886906153846,22184.053937686604,92993.7841521465,85.30202836775828,0.1450134482251891,0.5,0.75,0.5,225.0,337.5,225.0,45.0,135.0,135.0,10.706040567355167,28.457116681784086,0.057473521772575364,1.5604371987267982,0,8.746824304857292,972.0,10822.0,26748.0,990.0,136558.46124389063,137.93783964029356,990.0,136588.53627129292,137.96821845585143,1714.5,136813.5613372024,79.79793603802999,450,138307.25520332326,307.349456007385
refrigerator_electricity_efficient_residential_refrigerator_electricity_baseline_residential,residential,NLIRNC,test_utility_1,test_utility_2,RENO,refrigerator_electricity_baseline_residential,refrigerator_electricity_efficient_residential,single_family_li,unknown,10,450,,,,,10,0,,,,0,0.75,450.0,kWh,,,,,450,450.0,450,0,100,100,100,100,100,1,19.515217363294887,12342.230313591954,4179.184504189173,22758.075462192704,23064.76784611334,24986.886906153846,22184.053937686604,92993.7841521465,85.30202836775828,0.1450134482251891,0.5,0.75,0.5,225.0,337.5,225.0,45.0,135.0,135.0,10.706040567355167,30.216236263724188,0.06344101344195513,1.629094002874022,0,8.746824304857292,972.0,10822.0,26748.0,990.0,109639.61409397914,110.74708494341327,990.0,109671.52286525916,110.7793160255143,1714.5,109894.71418729093,64.0972377878629,450,111388.40805341178,247.5297956742484
refrigerator_electricity_efficient_residential_refrigerator_electricity_baseline_residential,residential,NLIRNC,test_utility_1,test_utility_2,RENO,refrigerator_electricity_baseline_residential,refrigerator_electricity_efficient_residential,multi_family,unknown,10,450,,,,,10,0,,,,0,0.75,750.0,kWh,,,,,450,750.0,450,0,100,100,100,100,100,1,32.52536227215815,20570.38385598659,4179.184504189173,22758.075462192704,23064.76784611334,24986.886906153846,22184.053937686604,92993.7841521465,85.30202836775828,0.1450134482251891,0.5,0.75,0.5,225.0,337.5,225.0,45.0,135.0,135.0,10.706040567355167,50.36039377287365,0.10573502240325855,2.715156671456703,0,8.746824304857292,1620.0,10822.0,26748.0,990.0,117880.77778128262,119.07149270836629,990.0,117933.95906674936,119.12521117853471,2362.5,118135.87787459441,50.00460439136272,450,120277.57174071527,267.28349275714504
refrigerator_electricity_efficient_residential_refrigerator_electricity_baseline_residential,residential,NLIRNC,test_utility_1,test_utility_2,RENO,refrigerator_electricity_baseline_residential,refrigerator_electricity_efficient_residential,multi_family_li,unknown,10,450,,,,,10,0,,,,0,0.75,750.0,kWh,,,,,450,750.0,450,0,100,100,100,100,100,1,32.52536227215815,20570.38385598659,4179.184504189173,22758.075462192704,23064.76784611334,24986.886906153846,22184.053937686604,92993.7841521465,85.30202836775828,0.1450134482251891,0.5,0.75,0.5,225.0,337.5,225.0,45.0,135.0,135.0,10.706040567355167,50.36039377287365,0.10573502240325855,2.715156671456703,0,8.746824304857292,1620.0,10822.0,26748.0,990.0,117880.77778128262,119.07149270836629,990.0,117933.95906674936,119.12521117853471,2362.5,118135.87787459441,50.00460439136272,450,120277.57174071527,267.28349275714504
refrigerator_electricity_efficient_residential_refrigerator_electricity_baseline_residential,residential,NLIRNC,test_utility_1,test_utility_2,RENO,refrigerator_electricity_baseline_residential,refrigerator_electricity_efficient_residential,single_family,unknown,10,450,,,,,10,0,,,,0,0.75,450.0,kWh,,,,,450,450.0,450,0,100,100,100,100,100,1,0.0,,4179.184504189173,22758.075462192704,23064.76784611334,24986.886906153846,22184.053937686604,92993.7841521465,85.30202836775828,0.1450134482251891,0.5,0.75,0.5,225.0,337.5,225.0,45.0,135.0,135.0,10.706040567355167,0.0,0.0,0.0,0,8.746824304857292,972.0,10822.0,26748.0,990.0,,,990.0,,,1714.5,,,450,,
refrigerator_electricity_top10_residential_refrigerator_electricity_existing_residential,residential,NLIRNC,test_utility_1,test_utility_2,RET_ER,refrigerator_electricity_existing_residential,refrigerator_electricity_top10_residential,single_family_li,unknown,10,950,,,,,10,0,,,,0,0.75,950.0,kWh,,,,,950,950.0,950,0,100,100,100,100,100,1,0.0,,4179.184504189173,22758.075462192704,23064.76784611334,24986.886906153846,22184.053937686604,92993.7841521465,85.30202836775828,0.1450134482251891,0.5,0.75,0.5,475.0,712.5,475.0,95.0,285.0,285.0,20.706040567355167,0.0,0.0,0.0,0,8.746824304857292,2052.0,10822.0,26748.0,2090.0,,,2090.0,,,3619.5,,,950,,
refrigerator_electricity_top10_residential_refrigerator_electricity_existing_residential,residential,NLIRNC,test_utility_1,test_utility_2,RET_ER,refrigerator_electricity_existing_residential,refrigerator_electricity_top10_residential,multi_family,unknown,10,950,,,,,10,0,,,,0,0.75,1583.333333,kWh,,,,,950,1583.333333,950,0,100,100,100,100,100,1,0.0,,4179.184504189173,22758.075462192704,23064.76784611334,24986.886906153846,22184.053937686604,92993.7841521465,85.30202836775828,0.1450134482251891,0.5,0.75,0.5,475.0,712.5,475.0,95.0,285.0,285.0,20.706040567355167,0.0,0.0,0.0,0,8.746824304857292,3419.9999992800003,10822.0,26748.0,2090.0,,,2090.0,,,4987.49999928,,,950,,
refrigerator_electricity_top10_residential_refrigerator_electricity_existing_residential,residential,NLIRNC,test_utility_1,test_utility_2,RET_ER,refrigerator_electricity_existing_residential,refrigerator_electricity_top10_residential,multi_family_li,unknown,10,950,,,,,10,0,,,,0,0.75,1583.333333,kWh,,,,,950,1583.333333,950,0,100,100,100,100,100,1,19.502739995894157,,4179.184504189173,22758.075462192704,23064.76784611334,24986.886906153846,22184.053937686604,92993.7841521465,85.30202836775828,0.1450134482251891,0.5,0.75,0.5,475.0,712.5,475.0,95.0,285.0,285.0,20.706040567355167,29.04046450390872,0.06026633463731234,1.579925083648884,0,8.746824304857292,3419.9999992800003,10822.0,26748.0,2090.0,,,2090.0,,,4987.49999928,,,950,,
refrigerator_electricity_top10_residential_refrigerator_electricity_existing_residential,residential,NLIRNC,test_utility_1,test_utility_2,RET_ER,refrigerator_electricity_existing_residential,refrigerator_electricity_top10_residential,single_family,unknown,10,950,,,,,10,0,,,,0,0.75,950.0,kWh,,,,,950,950.0,950,0,100,100,100,100,100,1,377.3327850040354,,4179.184504189173,22758.075462192704,23064.76784611334,24986.886906153846,22184.053937686604,92993.7841521465,85.30202836775828,0.1450134482251891,0.5,0.75,0.5,475.0,712.5,475.0,95.0,285.0,285.0,20.706040567355167,611.4893756184217,1.333546671339017,31.803999648886638,0,8.746824304857292,2052.0,10822.0,26748.0,2090.0,,,2090.0,,,3619.5,,,950,,
refrigerator_electricity_top10_residential_refrigerator_electricity_baseline_residential,residential,NLIRNC,test_utility_1,test_utility_2,NC,refrigerator_electricity_baseline_residential,refrigerator_electricity_top10_residential,single_family_li,unknown,10,750,,,,,10,0,,,,0,0.75,700.0,kWh,,,,,750,700.0,750,0,100,100,100,100,100,1,275.643273407184,,4179.184504189173,22758.075462192704,23064.76784611334,24986.886906153846,22184.053937686604,92993.7841521465,85.30202836775828,0.1450134482251891,0.5,0.75,0.5,375.0,562.5,375.0,75.0,225.0,225.0,16.706040567355167,445.6519371133033,0.9707100921074178,23.185694257411466,0,8.746824304857292,1512.0,10822.0,26748.0,1650.0,,,1650.0,,,2749.5,,,750,,
refrigerator_electricity_top10_residential_refrigerator_electricity_baseline_residential,residential,NLIRNC,test_utility_1,test_utility_2,NC,refrigerator_electricity_baseline_residential,refrigerator_electricity_top10_residential,multi_family,unknown,10,750,,,,,10,0,,,,0,0.75,1166.666667,kWh,,,,,750,1166.666667,750,0,100,100,100,100,100,1,459.4054558098986,,4179.184504189173,22758.075462192704,23064.76784611334,24986.886906153846,22184.053937686604,92993.7841521465,85.30202836775828,0.1450134482251891,0.5,0.75,0.5,375.0,562.5,375.0,75.0,225.0,225.0,16.706040567355167,742.7532287343873,1.6178501539746057,38.642823773393246,0,8.746824304857292,2520.0000007199997,10822.0,26748.0,1650.0,,,1650.0,,,3757.5000007199997,,,750,,
refrigerator_electricity_top10_residential_refrigerator_electricity_baseline_residential,residential,NLIRNC,test_utility_1,test_utility_2,NC,refrigerator_electricity_baseline_residential,refrigerator_electricity_top10_residential,multi_family_li,unknown,10,750,,,,,10,0,,,,0,0.75,1166.666667,kWh,,,,,750,1166.666667,750,0,100,100,100,100,100,1,503.9326450769294,,4179.184504189173,22758.075462192704,23064.76784611334,24986.886906153846,22184.053937686604,92993.7841521465,85.30202836775828,0.1450134482251891,0.5,0.75,0.5,375.0,562.5,375.0,75.0,225.0,225.0,16.706040567355167,814.7434786896245,1.7746578694701125,42.388221887869285,0,8.746824304857292,2520.0000007199997,10822.0,26748.0,1650.0,,,1650.0,,,3757.5000007199997,,,750,,
refrigerator_electricity_top10_residential_refrigerator_electricity_baseline_residential,residential,NLIRNC,test_utility_1,test_utility_2,NC,refrigerator_electricity_baseline_residential,refrigerator_electricity_top10_residential,single_family,unknown,10,750,,,,,10,0,,,,0,0.75,700.0,kWh,,,,,750,700.0,750,0,100,100,100,100,100,1,302.3595869597692,,4179.184504189173,22758.075462192704,23064.76784611334,24986.886906153846,22184.053937686604,92993.7841521465,85.30202836775828,0.1450134482251891,0.5,0.75,0.5,375.0,562.5,375.0,75.0,225.0,225.0,16.706040567355167,488.84608707410433,1.0647947213778404,25.43293312545502,0,8.746824304857292,1512.0,10822.0,26748.0,1650.0,,,1650.0,,,2749.5,,,750,,
refrigerator_electricity_top10_residential_refrigerator_electricity_baseline_residential,residential,NLIRNC,test_utility_1,test_utility_2,ROB,refrigerator_electricity_baseline_residential,refrigerator_electricity_top10_residential,single_family_li,unknown,10,750,,,,,10,0,,,,0,0.75,700.0,kWh,,,,,750,700.0,750,0,100,100,100,100,100,1,302.3595869597692,,4179.184504189173,22758.075462192704,23064.76784611334,24986.886906153846,22184.053937686604,92993.7841521465,85.30202836775828,0.1450134482251891,0.5,0.75,0.5,375.0,562.5,375.0,75.0,225.0,225.0,16.706040567355167,488.84608707410433,1.0647947213778404,25.43293312545502,0,8.746824304857292,1512.0,10822.0,26748.0,1650.0,,,1650.0,,,2749.5,,,750,,
refrigerator_electricity_top10_residential_refrigerator_electricity_baseline_residential,residential,NLIRNC,test_utility_1,test_utility_2,ROB,refrigerator_electricity_baseline_residential,refrigerator_electricity_top10_residential,multi_family,unknown,10,750,,,,,10,0,,,,0,0.75,1166.666667,kWh,,,,,750,1166.666667,750,0,100,100,100,100,100,1,503.9326450769294,,4179.184504189173,22758.075462192704,23064.76784611334,24986.886906153846,22184.053937686604,92993.7841521465,85.30202836775828,0.1450134482251891,0.5,0.75,0.5,375.0,562.5,375.0,75.0,225.0,225.0,16.706040567355167,814.7434786896245,1.7746578694701125,42.388221887869285,0,8.746824304857292,2520.0000007199997,10822.0,26748.0,1650.0,,,1650.0,,,3757.5000007199997,,,750,,
refrigerator_electricity_top10_residential_refrigerator_electricity_baseline_residential,residential,NLIRNC,test_utility_1,test_utility_2,ROB,refrigerator_electricity_baseline_residential,refrigerator_electricity_top10_residential,multi_family_li,unknown,10,750,,,,,10,0,,,,0,0.75,1166.666667,kWh,,,,,750,1166.666667,750,0,100,100,100,100,100,1,503.9326450769294,,4179.184504189173,22758.075462192704,23064.76784611334,24986.886906153846,22184.053937686604,92993.7841521465,85.30202836775828,0.1450134482251891,0.5,0.75,0.5,375.0,562.5,375.0,75.0,225.0,225.0,16.706040567355167,814.7434786896245,1.7746578694701125,42.388221887869285,0,8.746824304857292,2520.0000007199997,10822.0,26748.0,1650.0,,,1650.0,,,3757.5000007199997,,,750,,
refrigerator_electricity_top10_residential_refrigerator_electricity_baseline_residential,residential,NLIRNC,test_utility_1,test_utility_2,ROB,refrigerator_electricity_baseline_residential,refrigerator_electricity_top10_residential,single_family,unknown,10,750,,,,,10,0,,,,0,0.75,700.0,kWh,,,,,750,700.0,750,0,100,100,100,100,100,1,278.7959219172323,,4179.184504189173,22758.075462192704,23064.76784611334,24986.886906153846,22184.053937686604,92993.7841521465,85.30202836775828,0.1450134482251891,0.5,0.75,0.5,375.0,562.5,375.0,75.0,225.0,225.0,16.706040567355167,450.7490464973764,0.9818125133192376,23.450878832937406,0,8.746824304857292,1512.0,10822.0,26748.0,1650.0,,,1650.0,,,2749.5,,,750,,
refrigerator_electricity_top10_residential_refrigerator_electricity_baseline_residential,residential,NLIRNC,test_utility_1,test_utility_2,RENO,refrigerator_electricity_baseline_residential,refrigerator_electricity_top10_residential,single_family_li,unknown,10,750,,,,,10,0,,,,0,0.75,700.0,kWh,,,,,750,700.0,750,0,100,100,100,100,100,1,278.7959219172323,,4179.184504189173,22758.075462192704,23064.76784611334,24986.886906153846,22184.053937686604,92993.7841521465,85.30202836775828,0.1450134482251891,0.5,0.75,0.5,375.0,562.5,375.0,75.0,225.0,225.0,16.706040567355167,450.7490464973764,0.9818125133192376,23.450878832937406,0,8.746824304857292,1512.0,10822.0,26748.0,1650.0,,,1650.0,,,2749.5,,,750,,
refrigerator_electricity_top10_residential_refrigerator_electricity_baseline_residential,residential,NLIRNC,test_utility_1,test_utility_2,RENO,refrigerator_electricity_baseline_residential,refrigerator_electricity_top10_residential,multi_family,unknown,10,750,,,,,10,0,,,,0,0.75,1166.666667,kWh,,,,,750,1166.666667,750,0,100,100,100,100,100,1,464.6598699948138,,4179.184504189173,22758.075462192704,23064.76784611334,24986.886906153846,22184.053937686604,92993.7841521465,85.30202836775828,0.1450134482251891,0.5,0.75,0.5,375.0,562.5,375.0,75.0,225.0,225.0,16.706040567355167,751.2484110436031,1.6363541893329256,39.08479806606276,0,8.746824304857292,2520.0000007199997,10822.0,26748.0,1650.0,,,1650.0,,,3757.5000007199997,,,750,,
refrigerator_electricity_top10_residential_refrigerator_electricity_baseline_residential,residential,NLIRNC,test_utility_1,test_utility_2,RENO,refrigerator_electricity_baseline_residential,refrigerator_electricity_top10_residential,multi_family_li,unknown,10,750,,,,,10,0,,,,0,0.75,1166.666667,kWh,,,,,750,1166.666667,750,0,100,100,100,100,100,1,464.6598699948138,,4179.184504189173,22758.075462192704,23064.76784611334,24986.886906153846,22184.053937686604,92993.7841521465,85.30202836775828,0.1450134482251891,0.5,0.75,0.5,375.0,562.5,375.0,75.0,225.0,225.0,16.706040567355167,751.2484110436031,1.6363541893329256,39.08479806606276,0,8.746824304857292,2520.0000007199997,10822.0,26748.0,1650.0,,,1650.0,,,3757.5000007199997,,,750,,
refrigerator_electricity_top10_residential_refrigerator_electricity_baseline_residential,residential,NLIRNC,test_utility_1,test_utility_2,RENO,refrigerator_electricity_baseline_residential,refrigerator_electricity_top10_residential,single_family,unknown,10,750,,,,,10,0,,,,0,0.75,700.0,kWh,,,,,750,700.0,750,0,100,100,100,100,100,1,,,4179.184504189173,22758.075462192704,23064.76784611334,24986.886906153846,22184.053937686604,92993.7841521465,85.30202836775828,0.1450134482251891,0.5,0.75,0.5,375.0,562.5,375.0,75.0,225.0,225.0,16.706040567355167,,,,0,8.746824304857292,1512.0,10822.0,26748.0,1650.0,,,1650.0,,,2749.5,,,750,,
insulation_natural_gas_efficient_residential_whole_home_natural_gas_baseline_residential,residential,NLIRNC,test_utility_1,test_utility_2,NC,whole_home_natural_gas_baseline_residential,insulation_natural_gas_efficient_residential,single_family,unknown,30,77,,,,,10,0,,,,0,0.75,0.0,kWh,234.0,kWh,0.0,kWh,77,0.0,77,0,100,100,100,100,100,1,,,9568.284110604924,55912.02669534272,58322.778073030924,60476.40817801612,48944.65402227069,223655.86696866044,196.0044134946977,0.33320750294098606,0.5,0.75,0.5,38.5,57.75,38.5,7.7,23.099999999999998,23.099999999999998,5.460088269893954,,,,0,20.0981875884996,0.0,35054.0,87045.0,169.4,,,169.4,,,127.05,,,77,,
insulation_natural_gas_efficient_residential_whole_home_natural_gas_baseline_residential,residential,NLIRNC,test_utility_1,test_utility_2,ROB,whole_home_natural_gas_baseline_residential,insulation_natural_gas_efficient_residential,single_family,unknown,30,77,,,,,10,0,,,,0,0.75,0.0,kWh,234.0,kWh,0.0,kWh,77,0.0,77,0,100,100,100,100,100,1,,,9568.284110604924,55912.02669534272,58322.778073030924,60476.40817801612,48944.65402227069,223655.86696866044,196.0044134946977,0.33320750294098606,0.5,0.75,0.5,38.5,57.75,38.5,7.7,23.099999999999998,23.099999999999998,5.460088269893954,,,,0,20.0981875884996,0.0,35054.0,87045.0,169.4,,,169.4,,,127.05,,,77,,
insulation_natural_gas_efficient_residential_whole_home_natural_gas_baseline_residential,residential,NLIRNC,test_utility_1,test_utility_2,RENO,whole_home_natural_gas_baseline_residential,insulation_natural_gas_efficient_residential,single_family,unknown,30,77,,,,,10,0,,,,0,0.75,0.0,kWh,234.0,kWh,0.0,kWh,77,0.0,77,0,100,100,100,100,100,1,,,9568.284110604924,55912.02669534272,58322.778073030924,60476.40817801612,48944.65402227069,223655.86696866044,196.0044134946977,0.33320750294098606,0.5,0.75,0.5,38.5,57.75,38.5,7.7,23.099999999999998,23.099999999999998,5.460088269893954,,,,0,20.0981875884996,0.0,35054.0,87045.0,169.4,,,169.4,,,127.05,,,77,,
HERS_electricity_efficient_residential_whole_home_natural_gas_baseline_residential,residential,NLIRNC,test_utility_1,test_utility_2,NC,whole_home_natural_gas_baseline_residential,HERS_electricity_efficient_residential,single_family,unknown,30,-2050,,,,,10,0,,,,0,0.75,100.0,kWh,0.0,kWh,0.0,kWh,-2050,100.0,-2050,0,100,100,100,100,100,1,,,9568.284110604924,55912.02669534272,58322.778073030924,60476.40817801612,48944.65402227069,223655.86696866044,196.0044134946977,0.33320750294098606,0.5,0.75,0.5,-1025.0,-1537.5,-1025.0,-205.0,-615.0,-615.0,-37.07991173010605,,,,0,20.0981875884996,705.0,35054.0,87045.0,-4510.0,,,-4510.0,,,-2677.5,,,-2050,,
HERS_electricity_efficient_residential_whole_home_natural_gas_baseline_residential,residential,NLIRNC,test_utility_1,test_utility_2,ROB,whole_home_natural_gas_baseline_residential,HERS_electricity_efficient_residential,single_family,unknown,30,-2050,,,,,10,0,,,,0,0.75,100.0,kWh,0.0,kWh,0.0,kWh,-2050,100.0,-2050,0,100,100,100,100,100,1,,,9568.284110604924,55912.02669534272,58322.778073030924,60476.40817801612,48944.65402227069,223655.86696866044,196.0044134946977,0.33320750294098606,0.5,0.75,0.5,-1025.0,-1537.5,-1025.0,-205.0,-615.0,-615.0,-37.07991173010605,,,,0,20.0981875884996,705.0,35054.0,87045.0,-4510.0,,,-4510.0,,,-2677.5,,,-2050,,
HERS_electricity_efficient_residential_whole_home_natural_gas_baseline_residential,residential,NLIRNC,test_utility_1,test_utility_2,RENO,whole_home_natural_gas_baseline_residential,HERS_electricity_efficient_residential,single_family,unknown,30,-2050,,,,,10,0,,,,0,0.75,100.0,kWh,0.0,kWh,0.0,kWh,-2050,100.0,-2050,0,100,100,100,100,100,1,,,9568.284110604924,55912.02669534272,58322.778073030924,60476.40817801612,48944.65402227069,223655.86696866044,196.0044134946977,0.33320750294098606,0.5,0.75,0.5,-1025.0,-1537.5,-1025.0,-205.0,-615.0,-615.0,-37.07991173010605,,,,0,20.0981875884996,705.0,35054.0,87045.0,-4510.0,,,-4510.0,,,-2677.5,,,-2050,,
refrigerator_electricity_efficient_residential_refrigerator_electricity_existing_residential,residential,NLIRNC,test_utility_1,test_utility_1,RET_ER,refrigerator_electricity_existing_residential,refrigerator_electricity_efficient_residential,single_family_li,unknown,10,650,,,,,10,0,,,,0,0.75,700.0,kWh,,,,,650,700.0,650,0,100,100,100,100,100,1,,,4179.184504189173,22758.075462192704,23064.76784611334,24986.886906153846,22184.053937686604,92993.7841521465,85.30202836775828,0.1450134482251891,0.5,0.5,0.5,325.0,325.0,325.0,65.0,195.0,195.0,14.706040567355167,,,,0,0.21662146808146338,1512.0,10822.0,26748.0,1430.0,,,1430.0,,,2422.0,,,650,,
refrigerator_electricity_efficient_residential_refrigerator_electricity_existing_residential,residential,NLIRNC,test_utility_1,test_utility_1,RET_ER,refrigerator_electricity_existing_residential,refrigerator_electricity_efficient_residential,multi_family,unknown,10,650,,,,,10,0,,,,0,0.75,1166.666667,kWh,,,,,650,1166.666667,650,0,100,100,100,100,100,1,,,4179.184504189173,22758.075462192704,23064.76784611334,24986.886906153846,22184.053937686604,92993.7841521465,85.30202836775828,0.1450134482251891,0.5,0.5,0.5,325.0,325.0,325.0,65.0,195.0,195.0,14.706040567355167,,,,0,0.21662146808146338,2520.0000007199997,10822.0,26748.0,1430.0,,,1430.0,,,3430.0000007199997,,,650,,
refrigerator_electricity_efficient_residential_refrigerator_electricity_existing_residential,residential,NLIRNC,test_utility_1,test_utility_1,RET_ER,refrigerator_electricity_existing_residential,refrigerator_electricity_efficient_residential,multi_family_li,unknown,10,650,,,,,10,0,,,,0,0.75,1166.666667,kWh,,,,,650,1166.666667,650,0,100,100,100,100,100,1,,,4179.184504189173,22758.075462192704,23064.76784611334,24986.886906153846,22184.053937686604,92993.7841521465,85.30202836775828,0.1450134482251891,0.5,0.5,0.5,325.0,325.0,325.0,65.0,195.0,195.0,14.706040567355167,,,,0,0.21662146808146338,2520.0000007199997,10822.0,26748.0,1430.0,,,1430.0,,,3430.0000007199997,,,650,,
refrigerator_electricity_efficient_residential_refrigerator_electricity_existing_residential,residential,NLIRNC,test_utility_1,test_utility_1,RET_ER,refrigerator_electricity_existing_residential,refrigerator_electricity_efficient_residential,single_family,unknown,10,650,,,,,10,0,,,,0,0.75,700.0,kWh,,,,,650,700.0,650,0,100,100,100,100,100,1,,,4179.184504189173,22758.075462192704,23064.76784611334,24986.886906153846,22184.053937686604,92993.7841521465,85.30202836775828,0.1450134482251891,0.5,0.5,0.5,325.0,325.0,325.0,65.0,195.0,195.0,14.706040567355167,,,,0,0.21662146808146338,1512.0,10822.0,26748.0,1430.0,,,1430.0,,,2422.0,,,650,,
refrigerator_electricity_efficient_residential_refrigerator_electricity_baseline_residential,residential,NLIRNC,test_utility_1,test_utility_1,NC,refrigerator_electricity_baseline_residential,refrigerator_electricity_efficient_residential,single_family_li,unknown,10,450,,,,,10,0,,,,0,0.75,450.0,kWh,,,,,450,450.0,450,0,100,100,100,100,100,1,,,4179.184504189173,22758.075462192704,23064.76784611334,24986.886906153846,22184.053937686604,92993.7841521465,85.30202836775828,0.1450134482251891,0.5,0.5,0.5,225.0,225.0,225.0,45.0,135.0,135.0,10.706040567355167,,,,0,0.21662146808146338,972.0,10822.0,26748.0,990.0,,,990.0,,,1602.0,,,450,,
refrigerator_electricity_efficient_residential_refrigerator_electricity_baseline_residential,residential,NLIRNC,test_utility_1,test_utility_1,NC,refrigerator_electricity_baseline_residential,refrigerator_electricity_efficient_residential,multi_family,unknown,10,450,,,,,10,0,,,,0,0.75,750.0,kWh,,,,,450,750.0,450,0,100,100,100,100,100,1,,,4179.184504189173,22758.075462192704,23064.76784611334,24986.886906153846,22184.053937686604,92993.7841521465,85.30202836775828,0.1450134482251891,0.5,0.5,0.5,225.0,225.0,225.0,45.0,135.0,135.0,10.706040567355167,,,,0,0.21662146808146338,1620.0,10822.0,26748.0,990.0,,,990.0,,,2250.0,,,450,,
refrigerator_electricity_efficient_residential_refrigerator_electricity_baseline_residential,residential,NLIRNC,test_utility_1,test_utility_1,NC,refrigerator_electricity_baseline_residential,refrigerator_electricity_efficient_residential,multi_family_li,unknown,10,450,,,,,10,0,,,,0,0.75,750.0,kWh,,,,,450,750.0,450,0,100,100,100,100,100,1,,,4179.184504189173,22758.075462192704,23064.76784611334,24986.886906153846,22184.053937686604,92993.7841521465,85.30202836775828,0.1450134482251891,0.5,0.5,0.5,225.0,225.0,225.0,45.0,135.0,135.0,10.706040567355167,,,,0,0.21662146808146338,1620.0,10822.0,26748.0,990.0,,,990.0,,,2250.0,,,450,,
refrigerator_electricity_efficient_residential_refrigerator_electricity_baseline_residential,residential,NLIRNC,test_utility_1,test_utility_1,NC,refrigerator_electricity_baseline_residential,refrigerator_electricity_efficient_residential,single_family,unknown,10,450,,,,,10,0,,,,0,0.75,450.0,kWh,,,,,450,450.0,450,0,100,100,100,100,100,1,,,4179.184504189173,22758.075462192704,23064.76784611334,24986.886906153846,22184.053937686604,92993.7841521465,85.30202836775828,0.1450134482251891,0.5,0.5,0.5,225.0,225.0,225.0,45.0,135.0,135.0,10.706040567355167,,,,0,0.21662146808146338,972.0,10822.0,26748.0,990.0,,,990.0,,,1602.0,,,450,,
refrigerator_electricity_efficient_residential_refrigerator_electricity_baseline_residential,residential,NLIRNC,test_utility_1,test_utility_1,ROB,refrigerator_electricity_baseline_residential,refrigerator_electricity_efficient_residential,single_family_li,unknown,10,450,,,,,10,0,,,,0,0.75,450.0,kWh,,,,,450,450.0,450,0,100,100,100,100,100,1,,,4179.184504189173,22758.075462192704,23064.76784611334,24986.886906153846,22184.053937686604,92993.7841521465,85.30202836775828,0.1450134482251891,0.5,0.5,0.5,225.0,225.0,225.0,45.0,135.0,135.0,10.706040567355167,,,,0,0.21662146808146338,972.0,10822.0,26748.0,990.0,,,990.0,,,1602.0,,,450,,
refrigerator_electricity_efficient_residential_refrigerator_electricity_baseline_residential,residential,NLIRNC,test_utility_1,test_utility_1,ROB,refrigerator_electricity_baseline_residential,refrigerator_electricity_efficient_residential,multi_family,unknown,10,450,,,,,10,0,,,,0,0.75,750.0,kWh,,,,,450,750.0,450,0,100,100,100,100,100,1,,,4179.184504189173,22758.075462192704,23064.76784611334,24986.886906153846,22184.053937686604,92993.7841521465,85.30202836775828,0.1450134482251891,0.5,0.5,0.5,225.0,225.0,225.0,45.0,135.0,135.0,10.706040567355167,,,,0,0.21662146808146338,1620.0,10822.0,26748.0,990.0,,,990.0,,,2250.0,,,450,,
refrigerator_electricity_efficient_residential_refrigerator_electricity_baseline_residential,residential,NLIRNC,test_utility_1,test_utility_1,ROB,refrigerator_electricity_baseline_residential,refrigerator_electricity_efficient_residential,multi_family_li,unknown,10,450,,,,,10,0,,,,0,0.75,750.0,kWh,,,,,450,750.0,450,0,100,100,100,100,100,1,,,4179.184504189173,22758.075462192704,23064.76784611334,24986.886906153846,22184.053937686604,92993.7841521465,85.30202836775828,0.1450134482251891,0.5,0.5,0.5,225.0,225.0,225.0,45.0,135.0,135.0,10.706040567355167,,,,0,0.21662146808146338,1620.0,10822.0,26748.0,990.0,,,990.0,,,2250.0,,,450,,
refrigerator_electricity_efficient_residential_refrigerator_electricity_baseline_residential,residential,NLIRNC,test_utility_1,test_utility_1,ROB,refrigerator_electricity_baseline_residential,refrigerator_electricity_efficient_residential,single_family,unknown,10,450,,,,,10,0,,,,0,0.75,450.0,kWh,,,,,450,450.0,450,0,100,100,100,100,100,1,,,4179.184504189173,22758.075462192704,23064.76784611334,24986.886906153846,22184.053937686604,92993.7841521465,85.30202836775828,0.1450134482251891,0.5,0.5,0.5,225.0,225.0,225.0,45.0,135.0,135.0,10.706040567355167,,,,0,0.21662146808146338,972.0,10822.0,26748.0,990.0,,,990.0,,,1602.0,,,450,,
refrigerator_electricity_efficient_residential_refrigerator_electricity_baseline_residential,residential,NLIRNC,test_utility_1,test_utility_1,RENO,refrigerator_electricity_baseline_residential,refrigerator_electricity_efficient_residential,single_family_li,unknown,10,450,,,,,10,0,,,,0,0.75,450.0,kWh,,,,,450,450.0,450,0,100,100,100,100,100,1,,,4179.184504189173,22758.075462192704,23064.76784611334,24986.886906153846,22184.053937686604,92993.7841521465,85.30202836775828,0.1450134482251891,0.5,0.5,0.5,225.0,225.0,225.0,45.0,135.0,135.0,10.706040567355167,,,,0,0.21662146808146338,972.0,10822.0,26748.0,990.0,,,990.0,,,1602.0,,,450,,
refrigerator_electricity_efficient_residential_refrigerator_electricity_baseline_residential,residential,NLIRNC,test_utility_1,test_utility_1,RENO,refrigerator_electricity_baseline_residential,refrigerator_electricity_efficient_residential,multi_family,unknown,10,450,,,,,10,0,,,,0,0.75,750.0,kWh,,,,,450,750.0,450,0,100,100,100,100,100,1,,,4179.184504189173,22758.075462192704,23064.76784611334,24986.886906153846,22184.053937686604,92993.7841521465,85.30202836775828,0.1450134482251891,0.5,0.5,0.5,225.0,225.0,225.0,45.0,135.0,135.0,10.706040567355167,,,,0,0.21662146808146338,1620.0,10822.0,26748.0,990.0,,,990.0,,,2250.0,,,450,,
refrigerator_electricity_efficient_residential_refrigerator_electricity_baseline_residential,residential,NLIRNC,test_utility_1,test_utility_1,RENO,refrigerator_electricity_baseline_residential,refrigerator_electricity_efficient_residential,multi_family_li,unknown,10,450,,,,,10,0,,,,0,0.75,750.0,kWh,,,,,450,750.0,450,0,100,100,100,100,100,1,,,4179.184504189173,22758.075462192704,23064.76784611334,24986.886906153846,22184.053937686604,92993.7841521465,85.30202836775828,0.1450134482251891,0.5,0.5,0.5,225.0,225.0,225.0,45.0,135.0,135.0,10.706040567355167,,,,0,0.21662146808146338,1620.0,10822.0,26748.0,990.0,,,990.0,,,2250.0,,,450,,
refrigerator_electricity_efficient_residential_refrigerator_electricity_baseline_residential,residential,NLIRNC,test_utility_1,test_utility_1,RENO,refrigerator_electricity_baseline_residential,refrigerator_electricity_efficient_residential,single_family,unknown,10,450,,,,,10,0,,,,0,0.75,450.0,kWh,,,,,450,450.0,450,0,100,100,100,100,100,1,,,4179.184504189173,22758.075462192704,23064.76784611334,24986.886906153846,22184.053937686604,92993.7841521465,85.30202836775828,0.1450134482251891,0.5,0.5,0.5,225.0,225.0,225.0,45.0,135.0,135.0,10.706040567355167,,,,0,0.21662146808146338,972.0,10822.0,26748.0,990.0,,,990.0,,,1602.0,,,450,,
refrigerator_electricity_top10_residential_refrigerator_electricity_existing_residential,residential,NLIRNC,test_utility_1,test_utility_1,RET_ER,refrigerator_electricity_existing_residential,refrigerator_electricity_top10_residential,single_family_li,unknown,10,950,,,,,10,0,,,,0,0.75,950.0,kWh,,,,,950,950.0,950,0,100,100,100,100,100,1,,,4179.184504189173,22758.075462192704,23064.76784611334,24986.886906153846,22184.053937686604,92993.7841521465,85.30202836775828,0.1450134482251891,0.5,0.5,0.5,475.0,475.0,475.0,95.0,285.0,285.0,20.706040567355167,,,,0,0.21662146808146338,2052.0,10822.0,26748.0,2090.0,,,2090.0,,,3382.0,,,950,,
refrigerator_electricity_top10_residential_refrigerator_electricity_existing_residential,residential,NLIRNC,test_utility_1,test_utility_1,RET_ER,refrigerator_electricity_existing_residential,refrigerator_electricity_top10_residential,multi_family,unknown,10,950,,,,,10,0,,,,0,0.75,1583.333333,kWh,,,,,950,1583.333333,950,0,100,100,100,100,100,1,,,4179.184504189173,22758.075462192704,23064.76784611334,24986.886906153846,22184.053937686604,92993.7841521465,85.30202836775828,0.1450134482251891,0.5,0.5,0.5,475.0,475.0,475.0,95.0,285.0,285.0,20.706040567355167,,,,0,0.21662146808146338,3419.9999992800003,10822.0,26748.0,2090.0,,,2090.0,,,4749.99999928,,,950,,
refrigerator_electricity_top10_residential_refrigerator_electricity_existing_residential,residential,NLIRNC,test_utility_1,test_utility_1,RET_ER,refrigerator_electricity_existing_residential,refrigerator_electricity_top10_residential,multi_family_li,unknown,10,950,,,,,10,0,,,,0,0.75,1583.333333,kWh,,,,,950,1583.333333,950,0,100,100,100,100,100,1,,,4179.184504189173,22758.075462192704,23064.76784611334,24986.886906153846,22184.053937686604,92993.7841521465,85.30202836775828,0.1450134482251891,0.5,0.5,0.5,475.0,475.0,475.0,95.0,285.0,285.0,20.706040567355167,,,,0,0.21662146808146338,3419.9999992800003,10822.0,26748.0,2090.0,,,2090.0,,,4749.99999928,,,950,,
refrigerator_electricity_top10_residential_refrigerator_electricity_existing_residential,residential,NLIRNC,test_utility_1,test_utility_1,RET_ER,refrigerator_electricity_existing_residential,refrigerator_electricity_top10_residential,single_family,unknown,10,950,,,,,10,0,,,,0,0.75,950.0,kWh,,,,,950,950.0,950,0,100,100,100,100,100,1,,,4179.184504189173,22758.075462192704,23064.76784611334,24986.886906153846,22184.053937686604,92993.7841521465,85.30202836775828,0.1450134482251891,0.5,0.5,0.5,475.0,475.0,475.0,95.0,285.0,285.0,20.706040567355167,,,,0,0.21662146808146338,2052.0,10822.0,26748.0,2090.0,,,2090.0,,,3382.0,,,950,,
refrigerator_electricity_top10_residential_refrigerator_electricity_baseline_residential,residential,NLIRNC,test_utility_1,test_utility_1,NC,refrigerator_electricity_baseline_residential,refrigerator_electricity_top10_residential,single_family_li,unknown,10,750,,,,,10,0,,,,0,0.75,700.0,kWh,,,,,750,700.0,750,0,100,100,100,100,100,1,,,4179.184504189173,22758.075462192704,23064.76784611334,24986.886906153846,22184.053937686604,92993.7841521465,85.30202836775828,0.1450134482251891,0.5,0.5,0.5,375.0,375.0,375.0,75.0,225.0,225.0,16.706040567355167,,,,0,0.21662146808146338,1512.0,10822.0,26748.0,1650.0,,,1650.0,,,2562.0,,,750,,
refrigerator_electricity_top10_residential_refrigerator_electricity_baseline_residential,residential,NLIRNC,test_utility_1,test_utility_1,NC,refrigerator_electricity_baseline_residential,refrigerator_electricity_top10_residential,multi_family,unknown,10,750,,,,,10,0,,,,0,0.75,1166.666667,kWh,,,,,750,1166.666667,750,0,100,100,100,100,100,1,,,4179.184504189173,22758.075462192704,23064.76784611334,24986.886906153846,22184.053937686604,92993.7841521465,85.30202836775828,0.1450134482251891,0.5,0.5,0.5,375.0,375.0,375.0,75.0,225.0,225.0,16.706040567355167,,,,0,0.21662146808146338,2520.0000007199997,10822.0,26748.0,1650.0,,,1650.0,,,3570.0000007199997,,,750,,
refrigerator_electricity_top10_residential_refrigerator_electricity_baseline_residential,residential,NLIRNC,test_utility_1,test_utility_1,NC,refrigerator_electricity_baseline_residential,refrigerator_electricity_top10_residential,multi_family_li,unknown,10,750,,,,,10,0,,,,0,0.75,1166.666667,kWh,,,,,750,1166.666667,750,0,100,100,100,100,100,1,,,4179.184504189173,22758.075462192704,23064.76784611334,24986.886906153846,22184.053937686604,92993.7841521465,85.30202836775828,0.1450134482251891,0.5,0.5,0.5,375.0,375.0,375.0,75.0,225.0,225.0,16.706040567355167,,,,0,0.21662146808146338,2520.0000007199997,10822.0,26748.0,1650.0,,,1650.0,,,3570.0000007199997,,,750,,
refrigerator_electricity_top10_residential_refrigerator_electricity_baseline_residential,residential,NLIRNC,test_utility_1,test_utility_1,NC,refrigerator_electricity_baseline_residential,refrigerator_electricity_top10_residential,single_family,unknown,10,750,,,,,10,0,,,,0,0.75,700.0,kWh,,,,,750,700.0,750,0,100,100,100,100,100,1,,,4179.184504189173,22758.075462192704,23064.76784611334,24986.886906153846,22184.053937686604,92993.7841521465,85.30202836775828,0.1450134482251891,0.5,0.5,0.5,375.0,375.0,375.0,75.0,225.0,225.0,16.706040567355167,,,,0,0.21662146808146338,1512.0,10822.0,26748.0,1650.0,,,1650.0,,,2562.0,,,750,,
refrigerator_electricity_top10_residential_refrigerator_electricity_baseline_residential,residential,NLIRNC,test_utility_1,test_utility_1,ROB,refrigerator_electricity_baseline_residential,refrigerator_electricity_top10_residential,single_family_li,unknown,10,750,,,,,10,0,,,,0,0.75,700.0,kWh,,,,,750,700.0,750,0,100,100,100,100,100,1,,,4179.184504189173,22758.075462192704,23064.76784611334,24986.886906153846,22184.053937686604,92993.7841521465,85.30202836775828,0.1450134482251891,0.5,0.5,0.5,375.0,375.0,375.0,75.0,225.0,225.0,16.706040567355167,,,,0,0.21662146808146338,1512.0,10822.0,26748.0,1650.0,,,1650.0,,,2562.0,,,750,,
refrigerator_electricity_top10_residential_refrigerator_electricity_baseline_residential,residential,NLIRNC,test_utility_1,test_utility_1,ROB,refrigerator_electricity_baseline_residential,refrigerator_electricity_top10_residential,multi_family,unknown,10,750,,,,,10,0,,,,0,0.75,1166.666667,kWh,,,,,750,1166.666667,750,0,100,100,100,100,100,1,,,4179.184504189173,22758.075462192704,23064.76784611334,24986.886906153846,22184.053937686604,92993.7841521465,85.30202836775828,0.1450134482251891,0.5,0.5,0.5,375.0,375.0,375.0,75.0,225.0,225.0,16.706040567355167,,,,0,0.21662146808146338,2520.0000007199997,10822.0,26748.0,1650.0,,,1650.0,,,3570.0000007199997,,,750,,
refrigerator_electricity_top10_residential_refrigerator_electricity_baseline_residential,residential,NLIRNC,test_utility_1,test_utility_1,ROB,refrigerator_electricity_baseline_residential,refrigerator_electricity_top10_residential,multi_family_li,unknown,10,750,,,,,10,0,,,,0,0.75,1166.666667,kWh,,,,,750,1166.666667,750,0,100,100,100,100,100,1,,,4179.184504189173,22758.075462192704,23064.76784611334,24986.886906153846,22184.053937686604,92993.7841521465,85.30202836775828,0.1450134482251891,0.5,0.5,0.5,375.0,375.0,375.0,75.0,225.0,225.0,16.706040567355167,,,,0,0.21662146808146338,2520.0000007199997,10822.0,26748.0,1650.0,,,1650.0,,,3570.0000007199997,,,750,,
refrigerator_electricity_top10_residential_refrigerator_electricity_baseline_residential,residential,NLIRNC,test_utility_1,test_utility_1,ROB,refrigerator_electricity_baseline_residential,refrigerator_electricity_top10_residential,single_family,unknown,10,750,,,,,10,0,,,,0,0.75,700.0,kWh,,,,,750,700.0,750,0,100,100,100,100,100,1,,,4179.184504189173,22758.075462192704,23064.76784611334,24986.886906153846,22184.053937686604,92993.7841521465,85.30202836775828,0.1450134482251891,0.5,0.5,0.5,375.0,375.0,375.0,75.0,225.0,225.0,16.706040567355167,,,,0,0.21662146808146338,1512.0,10822.0,26748.0,1650.0,,,1650.0,,,2562.0,,,750,,
refrigerator_electricity_top10_residential_refrigerator_electricity_baseline_residential,residential,NLIRNC,test_utility_1,test_utility_1,RENO,refrigerator_electricity_baseline_residential,refrigerator_electricity_top10_residential,single_family_li,unknown,10,750,,,,,10,0,,,,0,0.75,700.0,kWh,,,,,750,700.0,750,0,100,100,100,100,100,1,,,4179.184504189173,22758.075462192704,23064.76784611334,24986.886906153846,22184.053937686604,92993.7841521465,85.30202836775828,0.1450134482251891,0.5,0.5,0.5,375.0,375.0,375.0,75.0,225.0,225.0,16.706040567355167,,,,0,0.21662146808146338,1512.0,10822.0,26748.0,1650.0,,,1650.0,,,2562.0,,,750,,
refrigerator_electricity_top10_residential_refrigerator_electricity_baseline_residential,residential,NLIRNC,test_utility_1,test_utility_1,RENO,refrigerator_electricity_baseline_residential,refrigerator_electricity_top10_residential,multi_family,unknown,10,750,,,,,10,0,,,,0,0.75,1166.666667,kWh,,,,,750,1166.666667,750,0,100,100,100,100,100,1,,,4179.184504189173,22758.075462192704,23064.76784611334,24986.886906153846,22184.053937686604,92993.7841521465,85.30202836775828,0.1450134482251891,0.5,0.5,0.5,375.0,375.0,375.0,75.0,225.0,225.0,16.706040567355167,,,,0,0.21662146808146338,2520.0000007199997,10822.0,26748.0,1650.0,,,1650.0,,,3570.0000007199997,,,750,,
refrigerator_electricity_top10_residential_refrigerator_electricity_baseline_residential,residential,NLIRNC,test_utility_1,test_utility_1,RENO,refrigerator_electricity_baseline_residential,refrigerator_electricity_top10_residential,multi_family_li,unknown,10,750,,,,,10,0,,,,0,0.75,1166.666667,kWh,,,,,750,1166.666667,750,0,100,100,100,100,100,1,,,4179.184504189173,22758.075462192704,23064.76784611334,24986.886906153846,22184.053937686604,92993.7841521465,85.30202836775828,0.1450134482251891,0.5,0.5,0.5,375.0,375.0,375.0,75.0,225.0,225.0,16.706040567355167,,,,0,0.21662146808146338,2520.0000007199997,10822.0,26748.0,1650.0,,,1650.0,,,3570.0000007199997,,,750,,
refrigerator_electricity_top10_residential_refrigerator_electricity_baseline_residential,residential,NLIRNC,test_utility_1,test_utility_1,RENO,refrigerator_electricity_baseline_residential,refrigerator_electricity_top10_residential,single_family,unknown,10,750,,,,,10,0,,,,0,0.75,700.0,kWh,,,,,750,700.0,750,0,100,100,100,100,100,1,,,4179.184504189173,22758.075462192704,23064.76784611334,24986.886906153846,22184.053937686604,92993.7841521465,85.30202836775828,0.1450134482251891,0.5,0.5,0.5,375.0,375.0,375.0,75.0,225.0,225.0,16.706040567355167,,,,0,0.21662146808146338,1512.0,10822.0,26748.0,1650.0,,,1650.0,,,2562.0,,,750,,
insulation_natural_gas_efficient_residential_whole_home_natural_gas_baseline_residential,residential,NLIRNC,test_utility_1,test_utility_1,NC,whole_home_natural_gas_baseline_residential,insulation_natural_gas_efficient_residential,single_family,unknown,30,77,,,,,10,0,,,,0,0.75,0.0,kWh,234.0,kWh,0.0,kWh,77,0.0,77,0,100,100,100,100,100,1,,,9568.284110604924,55912.02669534272,58322.778073030924,60476.40817801612,48944.65402227069,223655.86696866044,196.0044134946977,0.33320750294098606,0.5,0.5,0.5,38.5,38.5,38.5,7.7,23.099999999999998,23.099999999999998,5.460088269893954,,,,0,0.4977462390298306,0.0,35054.0,87045.0,169.4,,,169.4,,,107.8,,,77,,
insulation_natural_gas_efficient_residential_whole_home_natural_gas_baseline_residential,residential,NLIRNC,test_utility_1,test_utility_1,ROB,whole_home_natural_gas_baseline_residential,insulation_natural_gas_efficient_residential,single_family,unknown,30,77,,,,,10,0,,,,0,0.75,0.0,kWh,234.0,kWh,0.0,kWh,77,0.0,77,0,100,100,100,100,100,1,,,9568.284110604924,55912.02669534272,58322.778073030924,60476.40817801612,48944.65402227069,223655.86696866044,196.0044134946977,0.33320750294098606,0.5,0.5,0.5,38.5,38.5,38.5,7.7,23.099999999999998,23.099999999999998,5.460088269893954,,,,0,0.4977462390298306,0.0,35054.0,87045.0,169.4,,,169.4,,,107.8,,,77,,
insulation_natural_gas_efficient_residential_whole_home_natural_gas_baseline_residential,residential,NLIRNC,test_utility_1,test_utility_1,RENO,whole_home_natural_gas_baseline_residential,insulation_natural_gas_efficient_residential,single_family,unknown,30,77,,,,,10,0,,,,0,0.75,0.0,kWh,234.0,kWh,0.0,kWh,77,0.0,77,0,100,100,100,100,100,1,,,9568.284110604924,55912.02669534272,58322.778073030924,60476.40817801612,48944.65402227069,223655.86696866044,196.0044134946977,0.33320750294098606,0.5,0.5,0.5,38.5,38.5,38.5,7.7,23.099999999999998,23.099999999999998,5.460088269893954,,,,0,0.4977462390298306,0.0,35054.0,87045.0,169.4,,,169.4,,,107.8,,,77,,
HERS_electricity_efficient_residential_whole_home_natural_gas_baseline_residential,residential,NLIRNC,test_utility_1,test_utility_1,NC,whole_home_natural_gas_baseline_residential,HERS_electricity_efficient_residential,single_family,unknown,30,-2050,,,,,10,0,,,,0,0.75,100.0,kWh,0.0,kWh,0.0,kWh,-2050,100.0,-2050,0,100,100,100,100,100,1,,,9568.284110604924,55912.02669534272,58322.778073030924,60476.40817801612,48944.65402227069,223655.86696866044,196.0044134946977,0.33320750294098606,0.5,0.5,0.5,-1025.0,-1025.0,-1025.0,-205.0,-615.0,-615.0,-37.07991173010605,,,,0,0.4977462390298306,705.0,35054.0,87045.0,-4510.0,,,-4510.0,,,-2165.0,,,-2050,,
HERS_electricity_efficient_residential_whole_home_natural_gas_baseline_residential,residential,NLIRNC,test_utility_1,test_utility_1,ROB,whole_home_natural_gas_baseline_residential,HERS_electricity_efficient_residential,single_family,unknown,30,-2050,,,,,10,0,,,,0,0.75,100.0,kWh,0.0,kWh,0.0,kWh,-2050,100.0,-2050,0,100,100,100,100,100,1,,,9568.284110604924,55912.02669534272,58322.778073030924,60476.40817801612,48944.65402227069,223655.86696866044,196.0044134946977,0.33320750294098606,0.5,0.5,0.5,-1025.0,-1025.0,-1025.0,-205.0,-615.0,-615.0,-37.07991173010605,,,,0,0.4977462390298306,705.0,35054.0,87045.0,-4510.0,,,-4510.0,,,-2165.0,,,-2050,,
HERS_electricity_efficient_residential_whole_home_natural_gas_baseline_residential,residential,NLIRNC,test_utility_1,test_utility_1,RENO,whole_home_natural_gas_baseline_residential,HERS_electricity_efficient_residential,single_family,unknown,30,-2050,,,,,10,0,,,,0,0.75,100.0,kWh,0.0,kWh,0.0,kWh,-2050,100.0,-2050,0,100,100,100,100,100,1,,,9568.284110604924,55912.02669534272,58322.778073030924,60476.40817801612,48944.65402227069,223655.86696866044,196.0044134946977,0.33320750294098606,0.5,0.5,0.5,-1025.0,-1025.0,-1025.0,-205.0,-615.0,-615.0,-37.07991173010605,,,,0,0.4977462390298306,705.0,35054.0,87045.0,-4510.0,,,-4510.0,,,-2165.0,,,-2050,,
refrigerator_electricity_efficient_residential_refrigerator_electricity_existing_residential,residential,NLIRNC,test_utility_2,none,RET_ER,refrigerator_electricity_existing_residential,refrigerator_electricity_efficient_residential,single_family_li,unknown,10,650,,,,,10,0,,,,0,0.75,700.0,kWh,,,,,650,700.0,650,0,100,100,100,100,100,1,,,4179.184504189173,22758.075462192704,23064.76784611334,24986.886906153846,22184.053937686604,92993.7841521465,85.30202836775828,0.1450134482251891,0.75,0.0,0.5,487.5,0.0,325.0,195.0,195.0,195.0,14.706040567355167,,,,0,17.060405673551656,1512.0,10822.0,26748.0,1560.0,,,1560.0,,,2389.5,,,650,,
refrigerator_electricity_efficient_residential_refrigerator_electricity_existing_residential,residential,NLIRNC,test_utility_2,none,RET_ER,refrigerator_electricity_existing_residential,refrigerator_electricity_efficient_residential,multi_family,unknown,10,650,,,,,10,0,,,,0,0.75,1166.666667,kWh,,,,,650,1166.666667,650,0,100,100,100,100,100,1,,,4179.184504189173,22758.075462192704,23064.76784611334,24986.886906153846,22184.053937686604,92993.7841521465,85.30202836775828,0.1450134482251891,0.75,0.0,0.5,487.5,0.0,325.0,195.0,195.0,195.0,14.706040567355167,,,,0,17.060405673551656,2520.0000007199997,10822.0,26748.0,1560.0,,,1560.0,,,3397.5000007199997,,,650,,
refrigerator_electricity_efficient_residential_refrigerator_electricity_existing_residential,residential,NLIRNC,test_utility_2,none,RET_ER,refrigerator_electricity_existing_residential,refrigerator_electricity_efficient_residential,multi_family_li,unknown,10,650,,,,,10,0,,,,0,0.75,1166.666667,kWh,,,,,650,1166.666667,650,0,100,100,100,100,100,1,,,4179.184504189173,22758.075462192704,23064.76784611334,24986.886906153846,22184.053937686604,92993.7841521465,85.30202836775828,0.1450134482251891,0.75,0.0,0.5,487.5,0.0,325.0,195.0,195.0,195.0,14.706040567355167,,,,0,17.060405673551656,2520.0000007199997,10822.0,26748.0,1560.0,,,1560.0,,,3397.5000007199997,,,650,,
refrigerator_electricity_efficient_residential_refrigerator_electricity_existing_residential,residential,NLIRNC,test_utility_2,none,RET_ER,refrigerator_electricity_existing_residential,refrigerator_electricity_efficient_residential,single_family,unknown,10,650,,,,,10,0,,,,0,0.75,700.0,kWh,,,,,650,700.0,650,0,100,100,100,100,100,1,,,4179.184504189173,22758.075462192704,23064.76784611334,24986.886906153846,22184.053937686604,92993.7841521465,85.30202836775828,0.1450134482251891,0.75,0.0,0.5,487.5,0.0,325.0,195.0,195.0,195.0,14.706040567355167,,,,0,17.060405673551656,1512.0,10822.0,26748.0,1560.0,,,1560.0,,,2389.5,,,650,,
refrigerator_electricity_efficient_residential_refrigerator_electricity_baseline_residential,residential,NLIRNC,test_utility_2,none,NC,refrigerator_electricity_baseline_residential,refrigerator_electricity_efficient_residential,single_family_li,unknown,10,450,,,,,10,0,,,,0,0.75,450.0,kWh,,,,,450,450.0,450,0,100,100,100,100,100,1,,,4179.184504189173,22758.075462192704,23064.76784611334,24986.886906153846,22184.053937686604,92993.7841521465,85.30202836775828,0.1450134482251891,0.75,0.0,0.5,337.5,0.0,225.0,135.0,135.0,135.0,10.706040567355167,,,,0,17.060405673551656,972.0,10822.0,26748.0,1080.0,,,1080.0,,,1579.5,,,450,,
refrigerator_electricity_efficient_residential_refrigerator_electricity_baseline_residential,residential,NLIRNC,test_utility_2,none,NC,refrigerator_electricity_baseline_residential,refrigerator_electricity_efficient_residential,multi_family,unknown,10,450,,,,,10,0,,,,0,0.75,750.0,kWh,,,,,450,750.0,450,0,100,100,100,100,100,1,,,4179.184504189173,22758.075462192704,23064.76784611334,24986.886906153846,22184.053937686604,92993.7841521465,85.30202836775828,0.1450134482251891,0.75,0.0,0.5,337.5,0.0,225.0,135.0,135.0,135.0,10.706040567355167,,,,0,17.060405673551656,1620.0,10822.0,26748.0,1080.0,,,1080.0,,,2227.5,,,450,,
refrigerator_electricity_efficient_residential_refrigerator_electricity_baseline_residential,residential,NLIRNC,test_utility_2,none,NC,refrigerator_electricity_baseline_residential,refrigerator_electricity_efficient_residential,multi_family_li,unknown,10,450,,,,,10,0,,,,0,0.75,750.0,kWh,,,,,450,750.0,450,0,100,100,100,100,100,1,,,4179.184504189173,22758.075462192704,23064.76784611334,24986.886906153846,22184.053937686604,92993.7841521465,85.30202836775828,0.1450134482251891,0.75,0.0,0.5,337.5,0.0,225.0,135.0,135.0,135.0,10.706040567355167,,,,0,17.060405673551656,1620.0,10822.0,26748.0,1080.0,,,1080.0,,,2227.5,,,450,,
refrigerator_electricity_efficient_residential_refrigerator_electricity_baseline_residential,residential,NLIRNC,test_utility_2,none,NC,refrigerator_electricity_baseline_residential,refrigerator_electricity_efficient_residential,single_family,unknown,10,450,,,,,10,0,,,,0,0.75,450.0,kWh,,,,,450,450.0,450,0,100,100,100,100,100,1,,,4179.184504189173,22758.075462192704,23064.76784611334,24986.886906153846,22184.053937686604,92993.7841521465,85.30202836775828,0.1450134482251891,0.75,0.0,0.5,337.5,0.0,225.0,135.0,135.0,135.0,10.706040567355167,,,,0,17.060405673551656,972.0,10822.0,26748.0,1080.0,,,1080.0,,,1579.5,,,450,,
refrigerator_electricity_efficient_residential_refrigerator_electricity_baseline_residential,residential,NLIRNC,test_utility_2,none,ROB,refrigerator_electricity_baseline_residential,refrigerator_electricity_efficient_residential,single_family_li,unknown,10,450,,,,,10,0,,,,0,0.75,450.0,kWh,,,,,450,450.0,450,0,100,100,100,100,100,1,,,4179.184504189173,22758.075462192704,23064.76784611334,24986.886906153846,22184.053937686604,92993.7841521465,85.30202836775828,0.1450134482251891,0.75,0.0,0.5,337.5,0.0,225.0,135.0,135.0,135.0,10.706040567355167,,,,0,17.060405673551656,972.0,10822.0,26748.0,1080.0,,,1080.0,,,1579.5,,,450,,
refrigerator_electricity_efficient_residential_refrigerator_electricity_baseline_residential,residential,NLIRNC,test_utility_2,none,ROB,refrigerator_electricity_baseline_residential,refrigerator_electricity_efficient_residential,multi_family,unknown,10,450,,,,,10,0,,,,0,0.75,750.0,kWh,,,,,450,750.0,450,0,100,100,100,100,100,1,,,4179.184504189173,22758.075462192704,23064.76784611334,24986.886906153846,22184.053937686604,92993.7841521465,85.30202836775828,0.1450134482251891,0.75,0.0,0.5,337.5,0.0,225.0,135.0,135.0,135.0,10.706040567355167,,,,0,17.060405673551656,1620.0,10822.0,26748.0,1080.0,,,1080.0,,,2227.5,,,450,,
refrigerator_electricity_efficient_residential_refrigerator_electricity_baseline_residential,residential,NLIRNC,test_utility_2,none,ROB,refrigerator_electricity_baseline_residential,refrigerator_electricity_efficient_residential,multi_family_li,unknown,10,450,,,,,10,0,,,,0,0.75,750.0,kWh,,,,,450,750.0,450,0,100,100,100,100,100,1,,,4179.184504189173,22758.075462192704,23064.76784611334,24986.886906153846,22184.053937686604,92993.7841521465,85.30202836775828,0.1450134482251891,0.75,0.0,0.5,337.5,0.0,225.0,135.0,135.0,135.0,10.706040567355167,,,,0,17.060405673551656,1620.0,10822.0,26748.0,1080.0,,,1080.0,,,2227.5,,,450,,
refrigerator_electricity_efficient_residential_refrigerator_electricity_baseline_residential,residential,NLIRNC,test_utility_2,none,ROB,refrigerator_electricity_baseline_residential,refrigerator_electricity_efficient_residential,single_family,unknown,10,450,,,,,10,0,,,,0,0.75,450.0,kWh,,,,,450,450.0,450,0,100,100,100,100,100,1,,,4179.184504189173,22758.075462192704,23064.76784611334,24986.886906153846,22184.053937686604,92993.7841521465,85.30202836775828,0.1450134482251891,0.75,0.0,0.5,337.5,0.0,225.0,135.0,135.0,135.0,10.706040567355167,,,,0,17.060405673551656,972.0,10822.0,26748.0,1080.0,,,1080.0,,,1579.5,,,450,,
refrigerator_electricity_efficient_residential_refrigerator_electricity_baseline_residential,residential,NLIRNC,test_utility_2,none,RENO,refrigerator_electricity_baseline_residential,refrigerator_electricity_efficient_residential,single_family_li,unknown,10,450,,,,,10,0,,,,0,0.75,450.0,kWh,,,,,450,450.0,450,0,100,100,100,100,100,1,,,4179.184504189173,22758.075462192704,23064.76784611334,24986.886906153846,22184.053937686604,92993.7841521465,85.30202836775828,0.1450134482251891,0.75,0.0,0.5,337.5,0.0,225.0,135.0,135.0,135.0,10.706040567355167,,,,0,17.060405673551656,972.0,10822.0,26748.0,1080.0,,,1080.0,,,1579.5,,,450,,
refrigerator_electricity_efficient_residential_refrigerator_electricity_baseline_residential,residential,NLIRNC,test_utility_2,none,RENO,refrigerator_electricity_baseline_residential,refrigerator_electricity_efficient_residential,multi_family,unknown,10,450,,,,,10,0,,,,0,0.75,750.0,kWh,,,,,450,750.0,450,0,100,100,100,100,100,1,,,4179.184504189173,22758.075462192704,23064.76784611334,24986.886906153846,22184.053937686604,92993.7841521465,85.30202836775828,0.1450134482251891,0.75,0.0,0.5,337.5,0.0,225.0,135.0,135.0,135.0,10.706040567355167,,,,0,17.060405673551656,1620.0,10822.0,26748.0,1080.0,,,1080.0,,,2227.5,,,450,,
refrigerator_electricity_efficient_residential_refrigerator_electricity_baseline_residential,residential,NLIRNC,test_utility_2,none,RENO,refrigerator_electricity_baseline_residential,refrigerator_electricity_efficient_residential,multi_family_li,unknown,10,450,,,,,10,0,,,,0,0.75,750.0,kWh,,,,,450,750.0,450,0,100,100,100,100,100,1,,,4179.184504189173,22758.075462192704,23064.76784611334,24986.886906153846,22184.053937686604,92993.7841521465,85.30202836775828,0.1450134482251891,0.75,0.0,0.5,337.5,0.0,225.0,135.0,135.0,135.0,10.706040567355167,,,,0,17.060405673551656,1620.0,10822.0,26748.0,1080.0,,,1080.0,,,2227.5,,,450,,
refrigerator_electricity_efficient_residential_refrigerator_electricity_baseline_residential,residential,NLIRNC,test_utility_2,none,RENO,refrigerator_electricity_baseline_residential,refrigerator_electricity_efficient_residential,single_family,unknown,10,450,,,,,10,0,,,,0,0.75,450.0,kWh,,,,,450,450.0,450,0,100,100,100,100,100,1,,,4179.184504189173,22758.075462192704,23064.76784611334,24986.886906153846,22184.053937686604,92993.7841521465,85.30202836775828,0.1450134482251891,0.75,0.0,0.5,337.5,0.0,225.0,135.0,135.0,135.0,10.706040567355167,,,,0,17.060405673551656,972.0,10822.0,26748.0,1080.0,,,1080.0,,,1579.5,,,450,,
refrigerator_electricity_top10_residential_refrigerator_electricity_existing_residential,residential,NLIRNC,test_utility_2,none,RET_ER,refrigerator_electricity_existing_residential,refrigerator_electricity_top10_residential,single_family_li,unknown,10,950,,,,,10,0,,,,0,0.75,950.0,kWh,,,,,950,950.0,950,0,100,100,100,100,100,1,,,4179.184504189173,22758.075462192704,23064.76784611334,24986.886906153846,22184.053937686604,92993.7841521465,85.30202836775828,0.1450134482251891,0.75,0.0,0.5,712.5,0.0,475.0,285.0,285.0,285.0,20.706040567355167,,,,0,17.060405673551656,2052.0,10822.0,26748.0,2280.0,,,2280.0,,,3334.5,,,950,,
refrigerator_electricity_top10_residential_refrigerator_electricity_existing_residential,residential,NLIRNC,test_utility_2,none,RET_ER,refrigerator_electricity_existing_residential,refrigerator_electricity_top10_residential,multi_family,unknown,10,950,,,,,10,0,,,,0,0.75,1583.333333,kWh,,,,,950,1583.333333,950,0,100,100,100,100,100,1,,,4179.184504189173,22758.075462192704,23064.76784611334,24986.886906153846,22184.053937686604,92993.7841521465,85.30202836775828,0.1450134482251891,0.75,0.0,0.5,712.5,0.0,475.0,285.0,285.0,285.0,20.706040567355167,,,,0,17.060405673551656,3419.9999992800003,10822.0,26748.0,2280.0,,,2280.0,,,4702.49999928,,,950,,
refrigerator_electricity_top10_residential_refrigerator_electricity_existing_residential,residential,NLIRNC,test_utility_2,none,RET_ER,refrigerator_electricity_existing_residential,refrigerator_electricity_top10_residential,multi_family_li,unknown,10,950,,,,,10,0,,,,0,0.75,1583.333333,kWh,,,,,950,1583.333333,950,0,100,100,100,100,100,1,,,4179.184504189173,22758.075462192704,23064.76784611334,24986.886906153846,22184.053937686604,92993.7841521465,85.30202836775828,0.1450134482251891,0.75,0.0,0.5,712.5,0.0,475.0,285.0,285.0,285.0,20.706040567355167,,,,0,17.060405673551656,3419.9999992800003,10822.0,26748.0,2280.0,,,2280.0,,,4702.49999928,,,950,,
refrigerator_electricity_top10_residential_refrigerator_electricity_existing_residential,residential,NLIRNC,test_utility_2,none,RET_ER,refrigerator_electricity_existing_residential,refrigerator_electricity_top10_residential,single_family,unknown,10,950,,,,,10,0,,,,0,0.75,950.0,kWh,,,,,950,950.0,950,0,100,100,100,100,100,1,,,4179.184504189173,22758.075462192704,23064.76784611334,24986.886906153846,22184.053937686604,92993.7841521465,85.30202836775828,0.1450134482251891,0.75,0.0,0.5,712.5,0.0,475.0,285.0,285.0,285.0,20.706040567355167,,,,0,17.060405673551656,2052.0,10822.0,26748.0,2280.0,,,2280.0,,,3334.5,,,950,,
refrigerator_electricity_top10_residential_refrigerator_electricity_baseline_residential,residential,NLIRNC,test_utility_2,none,NC,refrigerator_electricity_baseline_residential,refrigerator_electricity_top10_residential,single_family_li,unknown,10,750,,,,,10,0,,,,0,0.75,700.0,kWh,,,,,750,700.0,750,0,100,100,100,100,100,1,,,4179.184504189173,22758.075462192704,23064.76784611334,24986.886906153846,22184.053937686604,92993.7841521465,85.30202836775828,0.1450134482251891,0.75,0.0,0.5,562.5,0.0,375.0,225.0,225.0,225.0,16.706040567355167,,,,0,17.060405673551656,1512.0,10822.0,26748.0,1800.0,,,1800.0,,,2524.5,,,750,,
refrigerator_electricity_top10_residential_refrigerator_electricity_baseline_residential,residential,NLIRNC,test_utility_2,none,NC,refrigerator_electricity_baseline_residential,refrigerator_electricity_top10_residential,multi_family,unknown,10,750,,,,,10,0,,,,0,0.75,1166.666667,kWh,,,,,750,1166.666667,750,0,100,100,100,100,100,1,,,4179.184504189173,22758.075462192704,23064.76784611334,24986.886906153846,22184.053937686604,92993.7841521465,85.30202836775828,0.1450134482251891,0.75,0.0,0.5,562.5,0.0,375.0,225.0,225.0,225.0,16.706040567355167,,,,0,17.060405673551656,2520.0000007199997,10822.0,26748.0,1800.0,,,1800.0,,,3532.5000007199997,,,750,,
refrigerator_electricity_top10_residential_refrigerator_electricity_baseline_residential,residential,NLIRNC,test_utility_2,none,NC,refrigerator_electricity_baseline_residential,refrigerator_electricity_top10_residential,multi_family_li,unknown,10,750,,,,,10,0,,,,0,0.75,1166.666667,kWh,,,,,750,1166.666667,750,0,100,100,100,100,100,1,,,4179.184504189173,22758.075462192704,23064.76784611334,24986.886906153846,22184.053937686604,92993.7841521465,85.30202836775828,0.1450134482251891,0.75,0.0,0.5,562.5,0.0,375.0,225.0,225.0,225.0,16.706040567355167,,,,0,17.060405673551656,2520.0000007199997,10822.0,26748.0,1800.0,,,1800.0,,,3532.5000007199997,,,750,,
refrigerator_electricity_top10_residential_refrigerator_electricity_baseline_residential,residential,NLIRNC,test_utility_2,none,NC,refrigerator_electricity_baseline_residential,refrigerator_electricity_top10_residential,single_family,unknown,10,750,,,,,10,0,,,,0,0.75,700.0,kWh,,,,,750,700.0,750,0,100,100,100,100,100,1,,,4179.184504189173,22758.075462192704,23064.76784611334,24986.886906153846,22184.053937686604,92993.7841521465,85.30202836775828,0.1450134482251891,0.75,0.0,0.5,562.5,0.0,375.0,225.0,225.0,225.0,16.706040567355167,,,,0,17.060405673551656,1512.0,10822.0,26748.0,1800.0,,,1800.0,,,2524.5,,,750,,
refrigerator_electricity_top10_residential_refrigerator_electricity_baseline_residential,residential,NLIRNC,test_utility_2,none,ROB,refrigerator_electricity_baseline_residential,refrigerator_electricity_top10_residential,single_family_li,unknown,10,750,,,,,10,0,,,,0,0.75,700.0,kWh,,,,,750,700.0,750,0,100,100,100,100,100,1,,,4179.184504189173,22758.075462192704,23064.76784611334,24986.886906153846,22184.053937686604,92993.7841521465,85.30202836775828,0.1450134482251891,0.75,0.0,0.5,562.5,0.0,375.0,225.0,225.0,225.0,16.706040567355167,,,,0,17.060405673551656,1512.0,10822.0,26748.0,1800.0,,,1800.0,,,2524.5,,,750,,
refrigerator_electricity_top10_residential_refrigerator_electricity_baseline_residential,residential,NLIRNC,test_utility_2,none,ROB,refrigerator_electricity_baseline_residential,refrigerator_electricity_top10_residential,multi_family,unknown,10,750,,,,,10,0,,,,0,0.75,1166.666667,kWh,,,,,750,1166.666667,750,0,100,100,100,100,100,1,,,4179.184504189173,22758.075462192704,23064.76784611334,24986.886906153846,22184.053937686604,92993.7841521465,85.30202836775828,0.1450134482251891,0.75,0.0,0.5,562.5,0.0,375.0,225.0,225.0,225.0,16.706040567355167,,,,0,17.060405673551656,2520.0000007199997,10822.0,26748.0,1800.0,,,1800.0,,,3532.5000007199997,,,750,,
refrigerator_electricity_top10_residential_refrigerator_electricity_baseline_residential,residential,NLIRNC,test_utility_2,none,ROB,refrigerator_electricity_baseline_residential,refrigerator_electricity_top10_residential,multi_family_li,unknown,10,750,,,,,10,0,,,,0,0.75,1166.666667,kWh,,,,,750,1166.666667,750,0,100,100,100,100,100,1,,,4179.184504189173,22758.075462192704,23064.76784611334,24986.886906153846,22184.053937686604,92993.7841521465,85.30202836775828,0.1450134482251891,0.75,0.0,0.5,562.5,0.0,375.0,225.0,225.0,225.0,16.706040567355167,,,,0,17.060405673551656,2520.0000007199997,10822.0,26748.0,1800.0,,,1800.0,,,3532.5000007199997,,,750,,
refrigerator_electricity_top10_residential_refrigerator_electricity_baseline_residential,residential,NLIRNC,test_utility_2,none,ROB,refrigerator_electricity_baseline_residential,refrigerator_electricity_top10_residential,single_family,unknown,10,750,,,,,10,0,,,,0,0.75,700.0,kWh,,,,,750,700.0,750,0,100,100,100,100,100,1,,,4179.184504189173,22758.075462192704,23064.76784611334,24986.886906153846,22184.053937686604,92993.7841521465,85.30202836775828,0.1450134482251891,0.75,0.0,0.5,562.5,0.0,375.0,225.0,225.0,225.0,16.706040567355167,,,,0,17.060405673551656,1512.0,10822.0,26748.0,1800.0,,,1800.0,,,2524.5,,,750,,
refrigerator_electricity_top10_residential_refrigerator_electricity_baseline_residential,residential,NLIRNC,test_utility_2,none,RENO,refrigerator_electricity_baseline_residential,refrigerator_electricity_top10_residential,single_family_li,unknown,10,750,,,,,10,0,,,,0,0.75,700.0,kWh,,,,,750,700.0,750,0,100,100,100,100,100,1,,,4179.184504189173,22758.075462192704,23064.76784611334,24986.886906153846,22184.053937686604,92993.7841521465,85.30202836775828,0.1450134482251891,0.75,0.0,0.5,562.5,0.0,375.0,225.0,225.0,225.0,16.706040567355167,,,,0,17.060405673551656,1512.0,10822.0,26748.0,1800.0,,,1800.0,,,2524.5,,,750,,
refrigerator_electricity_top10_residential_refrigerator_electricity_baseline_residential,residential,NLIRNC,test_utility_2,none,RENO,refrigerator_electricity_baseline_residential,refrigerator_electricity_top10_residential,multi_family,unknown,10,750,,,,,10,0,,,,0,0.75,1166.666667,kWh,,,,,750,1166.666667,750,0,100,100,100,100,100,1,,,4179.184504189173,22758.075462192704,23064.76784611334,24986.886906153846,22184.053937686604,92993.7841521465,85.30202836775828,0.1450134482251891,0.75,0.0,0.5,562.5,0.0,375.0,225.0,225.0,225.0,16.706040567355167,,,,0,17.060405673551656,2520.0000007199997,10822.0,26748.0,1800.0,,,1800.0,,,3532.5000007199997,,,750,,
refrigerator_electricity_top10_residential_refrigerator_electricity_baseline_residential,residential,NLIRNC,test_utility_2,none,RENO,refrigerator_electricity_baseline_residential,refrigerator_electricity_top10_residential,multi_family_li,unknown,10,750,,,,,10,0,,,,0,0.75,1166.666667,kWh,,,,,750,1166.666667,750,0,100,100,100,100,100,1,,,4179.184504189173,22758.075462192704,23064.76784611334,24986.886906153846,22184.053937686604,92993.7841521465,85.30202836775828,0.1450134482251891,0.75,0.0,0.5,562.5,0.0,375.0,225.0,225.0,225.0,16.706040567355167,,,,0,17.060405673551656,2520.0000007199997,10822.0,26748.0,1800.0,,,1800.0,,,3532.5000007199997,,,750,,
refrigerator_electricity_top10_residential_refrigerator_electricity_baseline_residential,residential,NLIRNC,test_utility_2,none,RENO,refrigerator_electricity_baseline_residential,refrigerator_electricity_top10_residential,single_family,unknown,10,750,,,,,10,0,,,,0,0.75,700.0,kWh,,,,,750,700.0,750,0,100,100,100,100,100,1,,,4179.184504189173,22758.075462192704,23064.76784611334,24986.886906153846,22184.053937686604,92993.7841521465,85.30202836775828,0.1450134482251891,0.75,0.0,0.5,562.5,0.0,375.0,225.0,225.0,225.0,16.706040567355167,,,,0,17.060405673551656,1512.0,10822.0,26748.0,1800.0,,,1800.0,,,2524.5,,,750,,
insulation_natural_gas_efficient_residential_whole_home_natural_gas_baseline_residential,residential,NLIRNC,test_utility_2,none,NC,whole_home_natural_gas_baseline_residential,insulation_natural_gas_efficient_residential,single_family,unknown,30,77,,,,,10,0,,,,0,0.75,0.0,kWh,234.0,kWh,0.0,kWh,77,0.0,77,0,100,100,100,100,100,1,,,9568.284110604924,55912.02669534272,58322.778073030924,60476.40817801612,48944.65402227069,223655.86696866044,196.0044134946977,0.33320750294098606,0.75,0.0,0.5,57.75,0.0,38.5,23.099999999999998,23.099999999999998,23.099999999999998,5.460088269893954,,,,0,39.20088269893954,0.0,35054.0,87045.0,184.79999999999998,,,184.79999999999998,,,103.94999999999999,,,77,,
insulation_natural_gas_efficient_residential_whole_home_natural_gas_baseline_residential,residential,NLIRNC,test_utility_2,none,ROB,whole_home_natural_gas_baseline_residential,insulation_natural_gas_efficient_residential,single_family,unknown,30,77,,,,,10,0,,,,0,0.75,0.0,kWh,234.0,kWh,0.0,kWh,77,0.0,77,0,100,100,100,100,100,1,,,9568.284110604924,55912.02669534272,58322.778073030924,60476.40817801612,48944.65402227069,223655.86696866044,196.0044134946977,0.33320750294098606,0.75,0.0,0.5,57.75,0.0,38.5,23.099999999999998,23.099999999999998,23.099999999999998,5.460088269893954,,,,0,39.20088269893954,0.0,35054.0,87045.0,184.79999999999998,,,184.79999999999998,,,103.94999999999999,,,77,,
insulation_natural_gas_efficient_residential_whole_home_natural_gas_baseline_residential,residential,NLIRNC,test_utility_2,none,RENO,whole_home_natural_gas_baseline_residential,insulation_natural_gas_efficient_residential,single_family,unknown,30,77,,,,,10,0,,,,0,0.75,0.0,kWh,234.0,kWh,0.0,kWh,77,0.0,77,0,100,100,100,100,100,1,,,9568.284110604924,55912.02669534272,58322.778073030924,60476.40817801612,48944.65402227069,223655.86696866044,196.0044134946977,0.33320750294098606,0.75,0.0,0.5,57.75,0.0,38.5,23.099999999999998,23.099999999999998,23.099999999999998,5.460088269893954,,,,0,39.20088269893954,0.0,35054.0,87045.0,184.79999999999998,,,184.79999999999998,,,103.94999999999999,,,77,,
HERS_electricity_efficient_residential_whole_home_natural_gas_baseline_residential,residential,NLIRNC,test_utility_2,none,NC,whole_home_natural_gas_baseline_residential,HERS_electricity_efficient_residential,single_family,unknown,30,-2050,,,,,10,0,,,,0,0.75,100.0,kWh,0.0,kWh,0.0,kWh,-2050,100.0,-2050,0,100,100,100,100,100,1,,,9568.284110604924,55912.02669534272,58322.778073030924,60476.40817801612,48944.65402227069,223655.86696866044,196.0044134946977,0.33320750294098606,0.75,0.0,0.5,-1537.5,-0.0,-1025.0,-615.0,-615.0,-615.0,-37.07991173010605,,,,0,39.20088269893954,705.0,35054.0,87045.0,-4920.0,,,-4920.0,,,-2062.5,,,-2050,,
HERS_electricity_efficient_residential_whole_home_natural_gas_baseline_residential,residential,NLIRNC,test_utility_2,none,ROB,whole_home_natural_gas_baseline_residential,HERS_electricity_efficient_residential,single_family,unknown,30,-2050,,,,,10,0,,,,0,0.75,100.0,kWh,0.0,kWh,0.0,kWh,-2050,100.0,-2050,0,100,100,100,100,100,1,,,9568.284110604924,55912.02669534272,58322.778073030924,60476.40817801612,48944.65402227069,223655.86696866044,196.0044134946977,0.33320750294098606,0.75,0.0,0.5,-1537.5,-0.0,-1025.0,-615.0,-615.0,-615.0,-37.07991173010605,,,,0,39.20088269893954,705.0,35054.0,87045.0,-4920.0,,,-4920.0,,,-2062.5,,,-2050,,
HERS_electricity_efficient_residential_whole_home_natural_gas_baseline_residential,residential,NLIRNC,test_utility_2,none,RENO,whole_home_natural_gas_baseline_residential,HERS_electricity_efficient_residential,single_family,unknown,30,-2050,,,,,10,0,,,,0,0.75,100.0,kWh,0.0,kWh,0.0,kWh,-2050,100.0,-2050,0,100,100,100,100,100,1,,,9568.284110604924,55912.02669534272,58322.778073030924,60476.40817801612,48944.65402227069,223655.86696866044,196.0044134946977,0.33320750294098606,0.75,0.0,0.5,-1537.5,-0.0,-1025.0,-615.0,-615.0,-615.0,-37.07991173010605,,,,0,39.20088269893954,705.0,35054.0,87045.0,-4920.0,,,-4920.0,,,-2062.5,,,-2050,,
refrigerator_electricity_efficient_residential_refrigerator_electricity_existing_residential,residential,NLIRNC,none,test_utility_3,RET_ER,refrigerator_electricity_existing_residential,refrigerator_electricity_efficient_residential,single_family_li,unknown,10,650,,,,,10,0,,,,0,0.75,700.0,kWh,,,,,650,700.0,650,0,100,100,100,100,100,1,,,4179.184504189173,22758.075462192704,23064.76784611334,24986.886906153846,22184.053937686604,92993.7841521465,85.30202836775828,0.1450134482251891,0.0,0.5,0.5,0.0,325.0,325.0,195.0,195.0,195.0,14.706040567355167,,,,0,17.060405673551656,1512.0,10822.0,26748.0,1560.0,,,1560.0,,,2227.0,,,650,,
refrigerator_electricity_efficient_residential_refrigerator_electricity_existing_residential,residential,NLIRNC,none,test_utility_3,RET_ER,refrigerator_electricity_existing_residential,refrigerator_electricity_efficient_residential,multi_family,unknown,10,650,,,,,10,0,,,,0,0.75,1166.666667,kWh,,,,,650,1166.666667,650,0,100,100,100,100,100,1,,,4179.184504189173,22758.075462192704,23064.76784611334,24986.886906153846,22184.053937686604,92993.7841521465,85.30202836775828,0.1450134482251891,0.0,0.5,0.5,0.0,325.0,325.0,195.0,195.0,195.0,14.706040567355167,,,,0,17.060405673551656,2520.0000007199997,10822.0,26748.0,1560.0,,,1560.0,,,3235.0000007199997,,,650,,
refrigerator_electricity_efficient_residential_refrigerator_electricity_existing_residential,residential,NLIRNC,none,test_utility_3,RET_ER,refrigerator_electricity_existing_residential,refrigerator_electricity_efficient_residential,multi_family_li,unknown,10,650,,,,,10,0,,,,0,0.75,1166.666667,kWh,,,,,650,1166.666667,650,0,100,100,100,100,100,1,,,4179.184504189173,22758.075462192704,23064.76784611334,24986.886906153846,22184.053937686604,92993.7841521465,85.30202836775828,0.1450134482251891,0.0,0.5,0.5,0.0,325.0,325.0,195.0,195.0,195.0,14.706040567355167,,,,0,17.060405673551656,2520.0000007199997,10822.0,26748.0,1560.0,,,1560.0,,,3235.0000007199997,,,650,,
refrigerator_electricity_efficient_residential_refrigerator_electricity_existing_residential,residential,NLIRNC,none,test_utility_3,RET_ER,refrigerator_electricity_existing_residential,refrigerator_electricity_efficient_residential,single_family,unknown,10,650,,,,,10,0,,,,0,0.75,700.0,kWh,,,,,650,700.0,650,0,100,100,100,100,100,1,,,4179.184504189173,22758.075462192704,23064.76784611334,24986.886906153846,22184.053937686604,92993.7841521465,85.30202836775828,0.1450134482251891,0.0,0.5,0.5,0.0,325.0,325.0,195.0,195.0,195.0,14.706040567355167,,,,0,17.060405673551656,1512.0,10822.0,26748.0,1560.0,,,1560.0,,,2227.0,,,650,,
refrigerator_electricity_efficient_residential_refrigerator_electricity_baseline_residential,residential,NLIRNC,none,test_utility_3,NC,refrigerator_electricity_baseline_residential,refrigerator_electricity_efficient_residential,single_family_li,unknown,10,450,,,,,10,0,,,,0,0.75,450.0,kWh,,,,,450,450.0,450,0,100,100,100,100,100,1,,,4179.184504189173,22758.075462192704,23064.76784611334,24986.886906153846,22184.053937686604,92993.7841521465,85.30202836775828,0.1450134482251891,0.0,0.5,0.5,0.0,225.0,225.0,135.0,135.0,135.0,10.706040567355167,,,,0,17.060405673551656,972.0,10822.0,26748.0,1080.0,,,1080.0,,,1467.0,,,450,,
refrigerator_electricity_efficient_residential_refrigerator_electricity_baseline_residential,residential,NLIRNC,none,test_utility_3,NC,refrigerator_electricity_baseline_residential,refrigerator_electricity_efficient_residential,multi_family,unknown,10,450,,,,,10,0,,,,0,0.75,750.0,kWh,,,,,450,750.0,450,0,100,100,100,100,100,1,,,4179.184504189173,22758.075462192704,23064.76784611334,24986.886906153846,22184.053937686604,92993.7841521465,85.30202836775828,0.1450134482251891,0.0,0.5,0.5,0.0,225.0,225.0,135.0,135.0,135.0,10.706040567355167,,,,0,17.060405673551656,1620.0,10822.0,26748.0,1080.0,,,1080.0,,,2115.0,,,450,,
refrigerator_electricity_efficient_residential_refrigerator_electricity_baseline_residential,residential,NLIRNC,none,test_utility_3,NC,refrigerator_electricity_baseline_residential,refrigerator_electricity_efficient_residential,multi_family_li,unknown,10,450,,,,,10,0,,,,0,0.75,750.0,kWh,,,,,450,750.0,450,0,100,100,100,100,100,1,,,4179.184504189173,22758.075462192704,23064.76784611334,24986.886906153846,22184.053937686604,92993.7841521465,85.30202836775828,0.1450134482251891,0.0,0.5,0.5,0.0,225.0,225.0,135.0,135.0,135.0,10.706040567355167,,,,0,17.060405673551656,1620.0,10822.0,26748.0,1080.0,,,1080.0,,,2115.0,,,450,,
refrigerator_electricity_efficient_residential_refrigerator_electricity_baseline_residential,residential,NLIRNC,none,test_utility_3,NC,refrigerator_electricity_baseline_residential,refrigerator_electricity_efficient_residential,single_family,unknown,10,450,,,,,10,0,,,,0,0.75,450.0,kWh,,,,,450,450.0,450,0,100,100,100,100,100,1,,,4179.184504189173,22758.075462192704,23064.76784611334,24986.886906153846,22184.053937686604,92993.7841521465,85.30202836775828,0.1450134482251891,0.0,0.5,0.5,0.0,225.0,225.0,135.0,135.0,135.0,10.706040567355167,,,,0,17.060405673551656,972.0,10822.0,26748.0,1080.0,,,1080.0,,,1467.0,,,450,,
refrigerator_electricity_efficient_residential_refrigerator_electricity_baseline_residential,residential,NLIRNC,none,test_utility_3,ROB,refrigerator_electricity_baseline_residential,refrigerator_electricity_efficient_residential,single_family_li,unknown,10,450,,,,,10,0,,,,0,0.75,450.0,kWh,,,,,450,450.0,450,0,100,100,100,100,100,1,,,4179.184504189173,22758.075462192704,23064.76784611334,24986.886906153846,22184.053937686604,92993.7841521465,85.30202836775828,0.1450134482251891,0.0,0.5,0.5,0.0,225.0,225.0,135.0,135.0,135.0,10.706040567355167,,,,0,17.060405673551656,972.0,10822.0,26748.0,1080.0,,,1080.0,,,1467.0,,,450,,
refrigerator_electricity_efficient_residential_refrigerator_electricity_baseline_residential,residential,NLIRNC,none,test_utility_3,ROB,refrigerator_electricity_baseline_residential,refrigerator_electricity_efficient_residential,multi_family,unknown,10,450,,,,,10,0,,,,0,0.75,750.0,kWh,,,,,450,750.0,450,0,100,100,100,100,100,1,,,4179.184504189173,22758.075462192704,23064.76784611334,24986.886906153846,22184.053937686604,92993.7841521465,85.30202836775828,0.1450134482251891,0.0,0.5,0.5,0.0,225.0,225.0,135.0,135.0,135.0,10.706040567355167,,,,0,17.060405673551656,1620.0,10822.0,26748.0,1080.0,,,1080.0,,,2115.0,,,450,,
refrigerator_electricity_efficient_residential_refrigerator_electricity_baseline_residential,residential,NLIRNC,none,test_utility_3,ROB,refrigerator_electricity_baseline_residential,refrigerator_electricity_efficient_residential,multi_family_li,unknown,10,450,,,,,10,0,,,,0,0.75,750.0,kWh,,,,,450,750.0,450,0,100,100,100,100,100,1,,,4179.184504189173,22758.075462192704,23064.76784611334,24986.886906153846,22184.053937686604,92993.7841521465,85.30202836775828,0.1450134482251891,0.0,0.5,0.5,0.0,225.0,225.0,135.0,135.0,135.0,10.706040567355167,,,,0,17.060405673551656,1620.0,10822.0,26748.0,1080.0,,,1080.0,,,2115.0,,,450,,
refrigerator_electricity_efficient_residential_refrigerator_electricity_baseline_residential,residential,NLIRNC,none,test_utility_3,ROB,refrigerator_electricity_baseline_residential,refrigerator_electricity_efficient_residential,single_family,unknown,10,450,,,,,10,0,,,,0,0.75,450.0,kWh,,,,,450,450.0,450,0,100,100,100,100,100,1,,,4179.184504189173,22758.075462192704,23064.76784611334,24986.886906153846,22184.053937686604,92993.7841521465,85.30202836775828,0.1450134482251891,0.0,0.5,0.5,0.0,225.0,225.0,135.0,135.0,135.0,10.706040567355167,,,,0,17.060405673551656,972.0,10822.0,26748.0,1080.0,,,1080.0,,,1467.0,,,450,,
refrigerator_electricity_efficient_residential_refrigerator_electricity_baseline_residential,residential,NLIRNC,none,test_utility_3,RENO,refrigerator_electricity_baseline_residential,refrigerator_electricity_efficient_residential,single_family_li,unknown,10,450,,,,,10,0,,,,0,0.75,450.0,kWh,,,,,450,450.0,450,0,100,100,100,100,100,1,,,4179.184504189173,22758.075462192704,23064.76784611334,24986.886906153846,22184.053937686604,92993.7841521465,85.30202836775828,0.1450134482251891,0.0,0.5,0.5,0.0,225.0,225.0,135.0,135.0,135.0,10.706040567355167,,,,0,17.060405673551656,972.0,10822.0,26748.0,1080.0,,,1080.0,,,1467.0,,,450,,
refrigerator_electricity_efficient_residential_refrigerator_electricity_baseline_residential,residential,NLIRNC,none,test_utility_3,RENO,refrigerator_electricity_baseline_residential,refrigerator_electricity_efficient_residential,multi_family,unknown,10,450,,,,,10,0,,,,0,0.75,750.0,kWh,,,,,450,750.0,450,0,100,100,100,100,100,1,,,4179.184504189173,22758.075462192704,23064.76784611334,24986.886906153846,22184.053937686604,92993.7841521465,85.30202836775828,0.1450134482251891,0.0,0.5,0.5,0.0,225.0,225.0,135.0,135.0,135.0,10.706040567355167,,,,0,17.060405673551656,1620.0,10822.0,26748.0,1080.0,,,1080.0,,,2115.0,,,450,,
refrigerator_electricity_efficient_residential_refrigerator_electricity_baseline_residential,residential,NLIRNC,none,test_utility_3,RENO,refrigerator_electricity_baseline_residential,refrigerator_electricity_efficient_residential,multi_family_li,unknown,10,450,,,,,10,0,,,,0,0.75,750.0,kWh,,,,,450,750.0,450,0,100,100,100,100,100,1,,,4179.184504189173,22758.075462192704,23064.76784611334,24986.886906153846,22184.053937686604,92993.7841521465,85.30202836775828,0.1450134482251891,0.0,0.5,0.5,0.0,225.0,225.0,135.0,135.0,135.0,10.706040567355167,,,,0,17.060405673551656,1620.0,10822.0,26748.0,1080.0,,,1080.0,,,2115.0,,,450,,
refrigerator_electricity_efficient_residential_refrigerator_electricity_baseline_residential,residential,NLIRNC,none,test_utility_3,RENO,refrigerator_electricity_baseline_residential,refrigerator_electricity_efficient_residential,single_family,unknown,10,450,,,,,10,0,,,,0,0.75,450.0,kWh,,,,,450,450.0,450,0,100,100,100,100,100,1,,,4179.184504189173,22758.075462192704,23064.76784611334,24986.886906153846,22184.053937686604,92993.7841521465,85.30202836775828,0.1450134482251891,0.0,0.5,0.5,0.0,225.0,225.0,135.0,135.0,135.0,10.706040567355167,,,,0,17.060405673551656,972.0,10822.0,26748.0,1080.0,,,1080.0,,,1467.0,,,450,,
refrigerator_electricity_top10_residential_refrigerator_electricity_existing_residential,residential,NLIRNC,none,test_utility_3,RET_ER,refrigerator_electricity_existing_residential,refrigerator_electricity_top10_residential,single_family_li,unknown,10,950,,,,,10,0,,,,0,0.75,950.0,kWh,,,,,950,950.0,950,0,100,100,100,100,100,1,,,4179.184504189173,22758.075462192704,23064.76784611334,24986.886906153846,22184.053937686604,92993.7841521465,85.30202836775828,0.1450134482251891,0.0,0.5,0.5,0.0,475.0,475.0,285.0,285.0,285.0,20.706040567355167,,,,0,17.060405673551656,2052.0,10822.0,26748.0,2280.0,,,2280.0,,,3097.0,,,950,,
refrigerator_electricity_top10_residential_refrigerator_electricity_existing_residential,residential,NLIRNC,none,test_utility_3,RET_ER,refrigerator_electricity_existing_residential,refrigerator_electricity_top10_residential,multi_family,unknown,10,950,,,,,10,0,,,,0,0.75,1583.333333,kWh,,,,,950,1583.333333,950,0,100,100,100,100,100,1,,,4179.184504189173,22758.075462192704,23064.76784611334,24986.886906153846,22184.053937686604,92993.7841521465,85.30202836775828,0.1450134482251891,0.0,0.5,0.5,0.0,475.0,475.0,285.0,285.0,285.0,20.706040567355167,,,,0,17.060405673551656,3419.9999992800003,10822.0,26748.0,2280.0,,,2280.0,,,4464.99999928,,,950,,
refrigerator_electricity_top10_residential_refrigerator_electricity_existing_residential,residential,NLIRNC,none,test_utility_3,RET_ER,refrigerator_electricity_existing_residential,refrigerator_electricity_top10_residential,multi_family_li,unknown,10,950,,,,,10,0,,,,0,0.75,1583.333333,kWh,,,,,950,1583.333333,950,0,100,100,100,100,100,1,,,4179.184504189173,22758.075462192704,23064.76784611334,24986.886906153846,22184.053937686604,92993.7841521465,85.30202836775828,0.1450134482251891,0.0,0.5,0.5,0.0,475.0,475.0,285.0,285.0,285.0,20.706040567355167,,,,0,17.060405673551656,3419.9999992800003,10822.0,26748.0,2280.0,,,2280.0,,,4464.99999928,,,950,,
refrigerator_electricity_top10_residential_refrigerator_electricity_existing_residential,residential,NLIRNC,none,test_utility_3,RET_ER,refrigerator_electricity_existing_residential,refrigerator_electricity_top10_residential,single_family,unknown,10,950,,,,,10,0,,,,0,0.75,950.0,kWh,,,,,950,950.0,950,0,100,100,100,100,100,1,,,4179.184504189173,22758.075462192704,23064.76784611334,24986.886906153846,22184.053937686604,92993.7841521465,85.30202836775828,0.1450134482251891,0.0,0.5,0.5,0.0,475.0,475.0,285.0,285.0,285.0,20.706040567355167,,,,0,17.060405673551656,2052.0,10822.0,26748.0,2280.0,,,2280.0,,,3097.0,,,950,,
refrigerator_electricity_top10_residential_refrigerator_electricity_baseline_residential,residential,NLIRNC,none,test_utility_3,NC,refrigerator_electricity_baseline_residential,refrigerator_electricity_top10_residential,single_family_li,unknown,10,750,,,,,10,0,,,,0,0.75,700.0,kWh,,,,,750,700.0,750,0,100,100,100,100,100,1,,,4179.184504189173,22758.075462192704,23064.76784611334,24986.886906153846,22184.053937686604,92993.7841521465,85.30202836775828,0.1450134482251891,0.0,0.5,0.5,0.0,375.0,375.0,225.0,225.0,225.0,16.706040567355167,,,,0,17.060405673551656,1512.0,10822.0,26748.0,1800.0,,,1800.0,,,2337.0,,,750,,
refrigerator_electricity_top10_residential_refrigerator_electricity_baseline_residential,residential,NLIRNC,none,test_utility_3,NC,refrigerator_electricity_baseline_residential,refrigerator_electricity_top10_residential,multi_family,unknown,10,750,,,,,10,0,,,,0,0.75,1166.666667,kWh,,,,,750,1166.666667,750,0,100,100,100,100,100,1,,,4179.184504189173,22758.075462192704,23064.76784611334,24986.886906153846,22184.053937686604,92993.7841521465,85.30202836775828,0.1450134482251891,0.0,0.5,0.5,0.0,375.0,375.0,225.0,225.0,225.0,16.706040567355167,,,,0,17.060405673551656,2520.0000007199997,10822.0,26748.0,1800.0,,,1800.0,,,3345.0000007199997,,,750,,
refrigerator_electricity_top10_residential_refrigerator_electricity_baseline_residential,residential,NLIRNC,none,test_utility_3,NC,refrigerator_electricity_baseline_residential,refrigerator_electricity_top10_residential,multi_family_li,unknown,10,750,,,,,10,0,,,,0,0.75,1166.666667,kWh,,,,,750,1166.666667,750,0,100,100,100,100,100,1,,,4179.184504189173,22758.075462192704,23064.76784611334,24986.886906153846,22184.053937686604,92993.7841521465,85.30202836775828,0.1450134482251891,0.0,0.5,0.5,0.0,375.0,375.0,225.0,225.0,225.0,16.706040567355167,,,,0,17.060405673551656,2520.0000007199997,10822.0,26748.0,1800.0,,,1800.0,,,3345.0000007199997,,,750,,
refrigerator_electricity_top10_residential_refrigerator_electricity_baseline_residential,residential,NLIRNC,none,test_utility_3,NC,refrigerator_electricity_baseline_residential,refrigerator_electricity_top10_residential,single_family,unknown,10,750,,,,,10,0,,,,0,0.75,700.0,kWh,,,,,750,700.0,750,0,100,100,100,100,100,1,,,4179.184504189173,22758.075462192704,23064.76784611334,24986.886906153846,22184.053937686604,92993.7841521465,85.30202836775828,0.1450134482251891,0.0,0.5,0.5,0.0,375.0,375.0,225.0,225.0,225.0,16.706040567355167,,,,0,17.060405673551656,1512.0,10822.0,26748.0,1800.0,,,1800.0,,,2337.0,,,750,,
refrigerator_electricity_top10_residential_refrigerator_electricity_baseline_residential,residential,NLIRNC,none,test_utility_3,ROB,refrigerator_electricity_baseline_residential,refrigerator_electricity_top10_residential,single_family_li,unknown,10,750,,,,,10,0,,,,0,0.75,700.0,kWh,,,,,750,700.0,750,0,100,100,100,100,100,1,,,4179.184504189173,22758.075462192704,23064.76784611334,24986.886906153846,22184.053937686604,92993.7841521465,85.30202836775828,0.1450134482251891,0.0,0.5,0.5,0.0,375.0,375.0,225.0,225.0,225.0,16.706040567355167,,,,0,17.060405673551656,1512.0,10822.0,26748.0,1800.0,,,1800.0,,,2337.0,,,750,,
refrigerator_electricity_top10_residential_refrigerator_electricity_baseline_residential,residential,NLIRNC,none,test_utility_3,ROB,refrigerator_electricity_baseline_residential,refrigerator_electricity_top10_residential,multi_family,unknown,10,750,,,,,10,0,,,,0,0.75,1166.666667,kWh,,,,,750,1166.666667,750,0,100,100,100,100,100,1,,,4179.184504189173,22758.075462192704,23064.76784611334,24986.886906153846,22184.053937686604,92993.7841521465,85.30202836775828,0.1450134482251891,0.0,0.5,0.5,0.0,375.0,375.0,225.0,225.0,225.0,16.706040567355167,,,,0,17.060405673551656,2520.0000007199997,10822.0,26748.0,1800.0,,,1800.0,,,3345.0000007199997,,,750,,
refrigerator_electricity_top10_residential_refrigerator_electricity_baseline_residential,residential,NLIRNC,none,test_utility_3,ROB,refrigerator_electricity_baseline_residential,refrigerator_electricity_top10_residential,multi_family_li,unknown,10,750,,,,,10,0,,,,0,0.75,1166.666667,kWh,,,,,750,1166.666667,750,0,100,100,100,100,100,1,,,4179.184504189173,22758.075462192704,23064.76784611334,24986.886906153846,22184.053937686604,92993.7841521465,85.30202836775828,0.1450134482251891,0.0,0.5,0.5,0.0,375.0,375.0,225.0,225.0,225.0,16.706040567355167,,,,0,17.060405673551656,2520.0000007199997,10822.0,26748.0,1800.0,,,1800.0,,,3345.0000007199997,,,750,,
refrigerator_electricity_top10_residential_refrigerator_electricity_baseline_residential,residential,NLIRNC,none,test_utility_3,ROB,refrigerator_electricity_baseline_residential,refrigerator_electricity_top10_residential,single_family,unknown,10,750,,,,,10,0,,,,0,0.75,700.0,kWh,,,,,750,700.0,750,0,100,100,100,100,100,1,,,4179.184504189173,22758.075462192704,23064.76784611334,24986.886906153846,22184.053937686604,92993.7841521465,85.30202836775828,0.1450134482251891,0.0,0.5,0.5,0.0,375.0,375.0,225.0,225.0,225.0,16.706040567355167,,,,0,17.060405673551656,1512.0,10822.0,26748.0,1800.0,,,1800.0,,,2337.0,,,750,,
refrigerator_electricity_top10_residential_refrigerator_electricity_baseline_residential,residential,NLIRNC,none,test_utility_3,RENO,refrigerator_electricity_baseline_residential,refrigerator_electricity_top10_residential,single_family_li,unknown,10,750,,,,,10,0,,,,0,0.75,700.0,kWh,,,,,750,700.0,750,0,100,100,100,100,100,1,,,4179.184504189173,22758.075462192704,23064.76784611334,24986.886906153846,22184.053937686604,92993.7841521465,85.30202836775828,0.1450134482251891,0.0,0.5,0.5,0.0,375.0,375.0,225.0,225.0,225.0,16.706040567355167,,,,0,17.060405673551656,1512.0,10822.0,26748.0,1800.0,,,1800.0,,,2337.0,,,750,,
refrigerator_electricity_top10_residential_refrigerator_electricity_baseline_residential,residential,NLIRNC,none,test_utility_3,RENO,refrigerator_electricity_baseline_residential,refrigerator_electricity_top10_residential,multi_family,unknown,10,750,,,,,10,0,,,,0,0.75,1166.666667,kWh,,,,,750,1166.666667,750,0,100,100,100,100,100,1,,,4179.184504189173,22758.075462192704,23064.76784611334,24986.886906153846,22184.053937686604,92993.7841521465,85.30202836775828,0.1450134482251891,0.0,0.5,0.5,0.0,375.0,375.0,225.0,225.0,225.0,16.706040567355167,,,,0,17.060405673551656,2520.0000007199997,10822.0,26748.0,1800.0,,,1800.0,,,3345.0000007199997,,,750,,
refrigerator_electricity_top10_residential_refrigerator_electricity_baseline_residential,residential,NLIRNC,none,test_utility_3,RENO,refrigerator_electricity_baseline_residential,refrigerator_electricity_top10_residential,multi_family_li,unknown,10,750,,,,,10,0,,,,0,0.75,1166.666667,kWh,,,,,750,1166.666667,750,0,100,100,100,100,100,1,,,4179.184504189173,22758.075462192704,23064.76784611334,24986.886906153846,22184.053937686604,92993.7841521465,85.30202836775828,0.1450134482251891,0.0,0.5,0.5,0.0,375.0,375.0,225.0,225.0,225.0,16.706040567355167,,,,0,17.060405673551656,2520.0000007199997,10822.0,26748.0,1800.0,,,1800.0,,,3345.0000007199997,,,750,,
refrigerator_electricity_top10_residential_refrigerator_electricity_baseline_residential,residential,NLIRNC,none,test_utility_3,RENO,refrigerator_electricity_baseline_residential,refrigerator_electricity_top10_residential,single_family,unknown,10,750,,,,,10,0,,,,0,0.75,700.0,kWh,,,,,750,700.0,750,0,100,100,100,100,100,1,,,4179.184504189173,22758.075462192704,23064.76784611334,24986.886906153846,22184.053937686604,92993.7841521465,85.30202836775828,0.1450134482251891,0.0,0.5,0.5,0.0,375.0,375.0,225.0,225.0,225.0,16.706040567355167,,,,0,17.060405673551656,1512.0,10822.0,26748.0,1800.0,,,1800.0,,,2337.0,,,750,,
insulation_natural_gas_efficient_residential_whole_home_natural_gas_baseline_residential,residential,NLIRNC,none,test_utility_3,NC,whole_home_natural_gas_baseline_residential,insulation_natural_gas_efficient_residential,single_family,unknown,30,77,,,,,10,0,,,,0,0.75,0.0,kWh,234.0,kWh,0.0,kWh,77,0.0,77,0,100,100,100,100,100,1,,,9568.284110604924,55912.02669534272,58322.778073030924,60476.40817801612,48944.65402227069,223655.86696866044,196.0044134946977,0.33320750294098606,0.0,0.5,0.5,0.0,38.5,38.5,23.099999999999998,23.099999999999998,23.099999999999998,5.460088269893954,,,,0,39.20088269893954,0.0,35054.0,87045.0,184.79999999999998,,,184.79999999999998,,,84.69999999999999,,,77,,
insulation_natural_gas_efficient_residential_whole_home_natural_gas_baseline_residential,residential,NLIRNC,none,test_utility_3,ROB,whole_home_natural_gas_baseline_residential,insulation_natural_gas_efficient_residential,single_family,unknown,30,77,,,,,10,0,,,,0,0.75,0.0,kWh,234.0,kWh,0.0,kWh,77,0.0,77,0,100,100,100,100,100,1,,,9568.284110604924,55912.02669534272,58322.778073030924,60476.40817801612,48944.65402227069,223655.86696866044,196.0044134946977,0.33320750294098606,0.0,0.5,0.5,0.0,38.5,38.5,23.099999999999998,23.099999999999998,23.099999999999998,5.460088269893954,,,,0,39.20088269893954,0.0,35054.0,87045.0,184.79999999999998,,,184.79999999999998,,,84.69999999999999,,,77,,
insulation_natural_gas_efficient_residential_whole_home_natural_gas_baseline_residential,residential,NLIRNC,none,test_utility_3,RENO,whole_home_natural_gas_baseline_residential,insulation_natural_gas_efficient_residential,single_family,unknown,30,77,,,,,10,0,,,,0,0.75,0.0,kWh,234.0,kWh,0.0,kWh,77,0.0,77,0,100,100,100,100,100,1,,,9568.284110604924,55912.02669534272,58322.778073030924,60476.40817801612,48944.65402227069,223655.86696866044,196.0044134946977,0.33320750294098606,0.0,0.5,0.5,0.0,38.5,38.5,23.099999999999998,23.099999999999998,23.099999999999998,5.460088269893954,,,,0,39.20088269893954,0.0,35054.0,87045.0,184.79999999999998,,,184.79999999999998,,,84.69999999999999,,,77,,
HERS_electricity_efficient_residential_whole_home_natural_gas_baseline_residential,residential,NLIRNC,none,test_utility_3,NC,whole_home_natural_gas_baseline_residential,HERS_electricity_efficient_residential,single_family,unknown,30,-2050,,,,,10,0,,,,0,0.75,100.0,kWh,0.0,kWh,0.0,kWh,-2050,100.0,-2050,0,100,100,100,100,100,1,,,9568.284110604924,55912.02669534272,58322.778073030924,60476.40817801612,48944.65402227069,223655.86696866044,196.0044134946977,0.33320750294098606,0.0,0.5,0.5,-0.0,-1025.0,-1025.0,-615.0,-615.0,-615.0,-37.07991173010605,,,,0,39.20088269893954,705.0,35054.0,87045.0,-4920.0,,,-4920.0,,,-1550.0,,,-2050,,
HERS_electricity_efficient_residential_whole_home_natural_gas_baseline_residential,residential,NLIRNC,none,test_utility_3,ROB,whole_home_natural_gas_baseline_residential,HERS_electricity_efficient_residential,single_family,unknown,30,-2050,,,,,10,0,,,,0,0.75,100.0,kWh,0.0,kWh,0.0,kWh,-2050,100.0,-2050,0,100,100,100,100,100,1,,,9568.284110604924,55912.02669534272,58322.778073030924,60476.40817801612,48944.65402227069,223655.86696866044,196.0044134946977,0.33320750294098606,0.0,0.5,0.5,-0.0,-1025.0,-1025.0,-615.0,-615.0,-615.0,-37.07991173010605,,,,0,39.20088269893954,705.0,35054.0,87045.0,-4920.0,,,-4920.0,,,-1550.0,,,-2050,,
HERS_electricity_efficient_residential_whole_home_natural_gas_baseline_residential,residential,NLIRNC,none,test_utility_3,RENO,whole_home_natural_gas_baseline_residential,HERS_electricity_efficient_residential,single_family,unknown,30,-2050,,,,,10,0,,,,0,0.75,100.0,kWh,0.0,kWh,0.0,kWh,-2050,100.0,-2050,0,100,100,100,100,100,1,,,9568.284110604924,55912.02669534272,58322.778073030924,60476.40817801612,48944.65402227069,223655.86696866044,196.0044134946977,0.33320750294098606,0.0,0.5,0.5,-0.0,-1025.0,-1025.0,-615.0,-615.0,-615.0,-37.07991173010605,,,,0,39.20088269893954,705.0,35054.0,87045.0,-4920.0,,,-4920.0,,,-1550.0,,,-2050,,
refrigerator_electricity_efficient_residential_refrigerator_electricity_existing_residential,residential,NLIRRepl,test_utility_1,test_utility_2,RET_ER,refrigerator_electricity_existing_residential,refrigerator_electricity_efficient_residential,single_family_li,unknown,10,650,,,,,10,0,,,,0,0.75,700.0,kWh,,,,,650,700.0,650,0,100,100,100,100,100,1,,,4179.184504189173,22758.075462192704,23064.76784611334,24986.886906153846,22184.053937686604,92993.7841521465,85.30202836775828,0.1450134482251891,0.5,0.75,0.5,325.0,487.5,325.0,65.0,195.0,195.0,14.706040567355167,,,,0,8.746824304857292,1512.0,10822.0,26748.0,1430.0,,,1430.0,,,2584.5,,,650,,
refrigerator_electricity_efficient_residential_refrigerator_electricity_existing_residential,residential,NLIRRepl,test_utility_1,test_utility_2,RET_ER,refrigerator_electricity_existing_residential,refrigerator_electricity_efficient_residential,multi_family,unknown,10,650,,,,,10,0,,,,0,0.75,1166.666667,kWh,,,,,650,1166.666667,650,0,100,100,100,100,100,1,,,4179.184504189173,22758.075462192704,23064.76784611334,24986.886906153846,22184.053937686604,92993.7841521465,85.30202836775828,0.1450134482251891,0.5,0.75,0.5,325.0,487.5,325.0,65.0,195.0,195.0,14.706040567355167,,,,0,8.746824304857292,2520.0000007199997,10822.0,26748.0,1430.0,,,1430.0,,,3592.5000007199997,,,650,,
refrigerator_electricity_efficient_residential_refrigerator_electricity_existing_residential,residential,NLIRRepl,test_utility_1,test_utility_2,RET_ER,refrigerator_electricity_existing_residential,refrigerator_electricity_efficient_residential,multi_family_li,unknown,10,650,,,,,10,0,,,,0,0.75,1166.666667,kWh,,,,,650,1166.666667,650,0,100,100,100,100,100,1,,,4179.184504189173,22758.075462192704,23064.76784611334,24986.886906153846,22184.053937686604,92993.7841521465,85.30202836775828,0.1450134482251891,0.5,0.75,0.5,325.0,487.5,325.0,65.0,195.0,195.0,14.706040567355167,,,,0,8.746824304857292,2520.0000007199997,10822.0,26748.0,1430.0,,,1430.0,,,3592.5000007199997,,,650,,
refrigerator_electricity_efficient_residential_refrigerator_electricity_existing_residential,residential,NLIRRepl,test_utility_1,test_utility_2,RET_ER,refrigerator_electricity_existing_residential,refrigerator_electricity_efficient_residential,single_family,unknown,10,650,,,,,10,0,,,,0,0.75,700.0,kWh,,,,,650,700.0,650,0,100,100,100,100,100,1,,,4179.184504189173,22758.075462192704,23064.76784611334,24986.886906153846,22184.053937686604,92993.7841521465,85.30202836775828,0.1450134482251891,0.5,0.75,0.5,325.0,487.5,325.0,65.0,195.0,195.0,14.706040567355167,,,,0,8.746824304857292,1512.0,10822.0,26748.0,1430.0,,,1430.0,,,2584.5,,,650,,
refrigerator_electricity_efficient_residential_refrigerator_electricity_baseline_residential,residential,NLIRRepl,test_utility_1,test_utility_2,NC,refrigerator_electricity_baseline_residential,refrigerator_electricity_efficient_residential,single_family_li,unknown,10,450,,,,,10,0,,,,0,0.75,450.0,kWh,,,,,450,450.0,450,0,100,100,100,100,100,1,,,4179.184504189173,22758.075462192704,23064.76784611334,24986.886906153846,22184.053937686604,92993.7841521465,85.30202836775828,0.1450134482251891,0.5,0.75,0.5,225.0,337.5,225.0,45.0,135.0,135.0,10.706040567355167,,,,0,8.746824304857292,972.0,10822.0,26748.0,990.0,,,990.0,,,1714.5,,,450,,
refrigerator_electricity_efficient_residential_refrigerator_electricity_baseline_residential,residential,NLIRRepl,test_utility_1,test_utility_2,NC,refrigerator_electricity_baseline_residential,refrigerator_electricity_efficient_residential,multi_family,unknown,10,450,,,,,10,0,,,,0,0.75,750.0,kWh,,,,,450,750.0,450,0,100,100,100,100,100,1,,,4179.184504189173,22758.075462192704,23064.76784611334,24986.886906153846,22184.053937686604,92993.7841521465,85.30202836775828,0.1450134482251891,0.5,0.75,0.5,225.0,337.5,225.0,45.0,135.0,135.0,10.706040567355167,,,,0,8.746824304857292,1620.0,10822.0,26748.0,990.0,,,990.0,,,2362.5,,,450,,
refrigerator_electricity_efficient_residential_refrigerator_electricity_baseline_residential,residential,NLIRRepl,test_utility_1,test_utility_2,NC,refrigerator_electricity_baseline_residential,refrigerator_electricity_efficient_residential,multi_family_li,unknown,10,450,,,,,10,0,,,,0,0.75,750.0,kWh,,,,,450,750.0,450,0,100,100,100,100,100,1,,,4179.184504189173,22758.075462192704,23064.76784611334,24986.886906153846,22184.053937686604,92993.7841521465,85.30202836775828,0.1450134482251891,0.5,0.75,0.5,225.0,337.5,225.0,45.0,135.0,135.0,10.706040567355167,,,,0,8.746824304857292,1620.0,10822.0,26748.0,990.0,,,990.0,,,2362.5,,,450,,
refrigerator_electricity_efficient_residential_refrigerator_electricity_baseline_residential,residential,NLIRRepl,test_utility_1,test_utility_2,NC,refrigerator_electricity_baseline_residential,refrigerator_electricity_efficient_residential,single_family,unknown,10,450,,,,,10,0,,,,0,0.75,450.0,kWh,,,,,450,450.0,450,0,100,100,100,100,100,1,,,4179.184504189173,22758.075462192704,23064.76784611334,24986.886906153846,22184.053937686604,92993.7841521465,85.30202836775828,0.1450134482251891,0.5,0.75,0.5,225.0,337.5,225.0,45.0,135.0,135.0,10.706040567355167,,,,0,8.746824304857292,972.0,10822.0,26748.0,990.0,,,990.0,,,1714.5,,,450,,
refrigerator_electricity_efficient_residential_refrigerator_electricity_baseline_residential,residential,NLIRRepl,test_utility_1,test_utility_2,ROB,refrigerator_electricity_baseline_residential,refrigerator_electricity_efficient_residential,single_family_li,unknown,10,450,,,,,10,0,,,,0,0.75,450.0,kWh,,,,,450,450.0,450,0,100,100,100,100,100,1,,,4179.184504189173,22758.075462192704,23064.76784611334,24986.886906153846,22184.053937686604,92993.7841521465,85.30202836775828,0.1450134482251891,0.5,0.75,0.5,225.0,337.5,225.0,45.0,135.0,135.0,10.706040567355167,,,,0,8.746824304857292,972.0,10822.0,26748.0,990.0,,,990.0,,,1714.5,,,450,,
refrigerator_electricity_efficient_residential_refrigerator_electricity_baseline_residential,residential,NLIRRepl,test_utility_1,test_utility_2,ROB,refrigerator_electricity_baseline_residential,refrigerator_electricity_efficient_residential,multi_family,unknown,10,450,,,,,10,0,,,,0,0.75,750.0,kWh,,,,,450,750.0,450,0,100,100,100,100,100,1,,,4179.184504189173,22758.075462192704,23064.76784611334,24986.886906153846,22184.053937686604,92993.7841521465,85.30202836775828,0.1450134482251891,0.5,0.75,0.5,225.0,337.5,225.0,45.0,135.0,135.0,10.706040567355167,,,,0,8.746824304857292,1620.0,10822.0,26748.0,990.0,,,990.0,,,2362.5,,,450,,
refrigerator_electricity_efficient_residential_refrigerator_electricity_baseline_residential,residential,NLIRRepl,test_utility_1,test_utility_2,ROB,refrigerator_electricity_baseline_residential,refrigerator_electricity_efficient_residential,multi_family_li,unknown,10,450,,,,,10,0,,,,0,0.75,750.0,kWh,,,,,450,750.0,450,0,100,100,100,100,100,1,,,4179.184504189173,22758.075462192704,23064.76784611334,24986.886906153846,22184.053937686604,92993.7841521465,85.30202836775828,0.1450134482251891,0.5,0.75,0.5,225.0,337.5,225.0,45.0,135.0,135.0,10.706040567355167,,,,0,8.746824304857292,1620.0,10822.0,26748.0,990.0,,,990.0,,,2362.5,,,450,,
refrigerator_electricity_efficient_residential_refrigerator_electricity_baseline_residential,residential,NLIRRepl,test_utility_1,test_utility_2,ROB,refrigerator_electricity_baseline_residential,refrigerator_electricity_efficient_residential,single_family,unknown,10,450,,,,,10,0,,,,0,0.75,450.0,kWh,,,,,450,450.0,450,0,100,100,100,100,100,1,,,4179.184504189173,22758.075462192704,23064.76784611334,24986.886906153846,22184.053937686604,92993.7841521465,85.30202836775828,0.1450134482251891,0.5,0.75,0.5,225.0,337.5,225.0,45.0,135.0,135.0,10.706040567355167,,,,0,8.746824304857292,972.0,10822.0,26748.0,990.0,,,990.0,,,1714.5,,,450,,
refrigerator_electricity_efficient_residential_refrigerator_electricity_baseline_residential,residential,NLIRRepl,test_utility_1,test_utility_2,RENO,refrigerator_electricity_baseline_residential,refrigerator_electricity_efficient_residential,single_family_li,unknown,10,450,,,,,10,0,,,,0,0.75,450.0,kWh,,,,,450,450.0,450,0,100,100,100,100,100,1,,,4179.184504189173,22758.075462192704,23064.76784611334,24986.886906153846,22184.053937686604,92993.7841521465,85.30202836775828,0.1450134482251891,0.5,0.75,0.5,225.0,337.5,225.0,45.0,135.0,135.0,10.706040567355167,,,,0,8.746824304857292,972.0,10822.0,26748.0,990.0,,,990.0,,,1714.5,,,450,,
refrigerator_electricity_efficient_residential_refrigerator_electricity_baseline_residential,residential,NLIRRepl,test_utility_1,test_utility_2,RENO,refrigerator_electricity_baseline_residential,refrigerator_electricity_efficient_residential,multi_family,unknown,10,450,,,,,10,0,,,,0,0.75,750.0,kWh,,,,,450,750.0,450,0,100,100,100,100,100,1,,,4179.184504189173,22758.075462192704,23064.76784611334,24986.886906153846,22184.053937686604,92993.7841521465,85.30202836775828,0.1450134482251891,0.5,0.75,0.5,225.0,337.5,225.0,45.0,135.0,135.0,10.706040567355167,,,,0,8.746824304857292,1620.0,10822.0,26748.0,990.0,,,990.0,,,2362.5,,,450,,
refrigerator_electricity_efficient_residential_refrigerator_electricity_baseline_residential,residential,NLIRRepl,test_utility_1,test_utility_2,RENO,refrigerator_electricity_baseline_residential,refrigerator_electricity_efficient_residential,multi_family_li,unknown,10,450,,,,,10,0,,,,0,0.75,750.0,kWh,,,,,450,750.0,450,0,100,100,100,100,100,1,,,4179.184504189173,22758.075462192704,23064.76784611334,24986.886906153846,22184.053937686604,92993.7841521465,85.30202836775828,0.1450134482251891,0.5,0.75,0.5,225.0,337.5,225.0,45.0,135.0,135.0,10.706040567355167,,,,0,8.746824304857292,1620.0,10822.0,26748.0,990.0,,,990.0,,,2362.5,,,450,,
refrigerator_electricity_efficient_residential_refrigerator_electricity_baseline_residential,residential,NLIRRepl,test_utility_1,test_utility_2,RENO,refrigerator_electricity_baseline_residential,refrigerator_electricity_efficient_residential,single_family,unknown,10,450,,,,,10,0,,,,0,0.75,450.0,kWh,,,,,450,450.0,450,0,100,100,100,100,100,1,,,4179.184504189173,22758.075462192704,23064.76784611334,24986.886906153846,22184.053937686604,92993.7841521465,85.30202836775828,0.1450134482251891,0.5,0.75,0.5,225.0,337.5,225.0,45.0,135.0,135.0,10.706040567355167,,,,0,8.746824304857292,972.0,10822.0,26748.0,990.0,,,990.0,,,1714.5,,,450,,
refrigerator_electricity_top10_residential_refrigerator_electricity_existing_residential,residential,NLIRRepl,test_utility_1,test_utility_2,RET_ER,refrigerator_electricity_existing_residential,refrigerator_electricity_top10_residential,single_family_li,unknown,10,950,,,,,10,0,,,,0,0.75,950.0,kWh,,,,,950,950.0,950,0,100,100,100,100,100,1,,,4179.184504189173,22758.075462192704,23064.76784611334,24986.886906153846,22184.053937686604,92993.7841521465,85.30202836775828,0.1450134482251891,0.5,0.75,0.5,475.0,712.5,475.0,95.0,285.0,285.0,20.706040567355167,,,,0,8.746824304857292,2052.0,10822.0,26748.0,2090.0,,,2090.0,,,3619.5,,,950,,
refrigerator_electricity_top10_residential_refrigerator_electricity_existing_residential,residential,NLIRRepl,test_utility_1,test_utility_2,RET_ER,refrigerator_electricity_existing_residential,refrigerator_electricity_top10_residential,multi_family,unknown,10,950,,,,,10,0,,,,0,0.75,1583.333333,kWh,,,,,950,1583.333333,950,0,100,100,100,100,100,1,,,4179.184504189173,22758.075462192704,23064.76784611334,24986.886906153846,22184.053937686604,92993.7841521465,85.30202836775828,0.1450134482251891,0.5,0.75,0.5,475.0,712.5,475.0,95.0,285.0,285.0,20.706040567355167,,,,0,8.746824304857292,3419.9999992800003,10822.0,26748.0,2090.0,,,2090.0,,,4987.49999928,,,950,,
refrigerator_electricity_top10_residential_refrigerator_electricity_existing_residential,residential,NLIRRepl,test_utility_1,test_utility_2,RET_ER,refrigerator_electricity_existing_residential,refrigerator_electricity_top10_residential,multi_family_li,unknown,10,950,,,,,10,0,,,,0,0.75,1583.333333,kWh,,,,,950,1583.333333,950,0,100,100,100,100,100,1,,,4179.184504189173,22758.075462192704,23064.76784611334,24986.886906153846,22184.053937686604,92993.7841521465,85.30202836775828,0.1450134482251891,0.5,0.75,0.5,475.0,712.5,475.0,95.0,285.0,285.0,20.706040567355167,,,,0,8.746824304857292,3419.9999992800003,10822.0,26748.0,2090.0,,,2090.0,,,4987.49999928,,,950,,
refrigerator_electricity_top10_residential_refrigerator_electricity_existing_residential,residential,NLIRRepl,test_utility_1,test_utility_2,RET_ER,refrigerator_electricity_existing_residential,refrigerator_electricity_top10_residential,single_family,unknown,10,950,,,,,10,0,,,,0,0.75,950.0,kWh,,,,,950,950.0,950,0,100,100,100,100,100,1,,,4179.184504189173,22758.075462192704,23064.76784611334,24986.886906153846,22184.053937686604,92993.7841521465,85.30202836775828,0.1450134482251891,0.5,0.75,0.5,475.0,712.5,475.0,95.0,285.0,285.0,20.706040567355167,,,,0,8.746824304857292,2052.0,10822.0,26748.0,2090.0,,,2090.0,,,3619.5,,,950,,
refrigerator_electricity_top10_residential_refrigerator_electricity_baseline_residential,residential,NLIRRepl,test_utility_1,test_utility_2,NC,refrigerator_electricity_baseline_residential,refrigerator_electricity_top10_residential,single_family_li,unknown,10,750,,,,,10,0,,,,0,0.75,700.0,kWh,,,,,750,700.0,750,0,100,100,100,100,100,1,,,4179.184504189173,22758.075462192704,23064.76784611334,24986.886906153846,22184.053937686604,92993.7841521465,85.30202836775828,0.1450134482251891,0.5,0.75,0.5,375.0,562.5,375.0,75.0,225.0,225.0,16.706040567355167,,,,0,8.746824304857292,1512.0,10822.0,26748.0,1650.0,,,1650.0,,,2749.5,,,750,,
refrigerator_electricity_top10_residential_refrigerator_electricity_baseline_residential,residential,NLIRRepl,test_utility_1,test_utility_2,NC,refrigerator_electricity_baseline_residential,refrigerator_electricity_top10_residential,multi_family,unknown,10,750,,,,,10,0,,,,0,0.75,1166.666667,kWh,,,,,750,1166.666667,750,0,100,100,100,100,100,1,,,4179.184504189173,22758.075462192704,23064.76784611334,24986.886906153846,22184.053937686604,92993.7841521465,85.30202836775828,0.1450134482251891,0.5,0.75,0.5,375.0,562.5,375.0,75.0,225.0,225.0,16.706040567355167,,,,0,8.746824304857292,2520.0000007199997,10822.0,26748.0,1650.0,,,1650.0,,,3757.5000007199997,,,750,,
refrigerator_electricity_top10_residential_refrigerator_electricity_baseline_residential,residential,NLIRRepl,test_utility_1,test_utility_2,NC,refrigerator_electricity_baseline_residential,refrigerator_electricity_top10_residential,multi_family_li,unknown,10,750,,,,,10,0,,,,0,0.75,1166.666667,kWh,,,,,750,1166.666667,750,0,100,100,100,100,100,1,,,4179.184504189173,22758.075462192704,23064.76784611334,24986.886906153846,22184.053937686604,92993.7841521465,85.30202836775828,0.1450134482251891,0.5,0.75,0.5,375.0,562.5,375.0,75.0,225.0,225.0,16.706040567355167,,,,0,8.746824304857292,2520.0000007199997,10822.0,26748.0,1650.0,,,1650.0,,,3757.5000007199997,,,750,,
refrigerator_electricity_top10_residential_refrigerator_electricity_baseline_residential,residential,NLIRRepl,test_utility_1,test_utility_2,NC,refrigerator_electricity_baseline_residential,refrigerator_electricity_top10_residential,single_family,unknown,10,750,,,,,10,0,,,,0,0.75,700.0,kWh,,,,,750,700.0,750,0,100,100,100,100,100,1,,,4179.184504189173,22758.075462192704,23064.76784611334,24986.886906153846,22184.053937686604,92993.7841521465,85.30202836775828,0.1450134482251891,0.5,0.75,0.5,375.0,562.5,375.0,75.0,225.0,225.0,16.706040567355167,,,,0,8.746824304857292,1512.0,10822.0,26748.0,1650.0,,,1650.0,,,2749.5,,,750,,
refrigerator_electricity_top10_residential_refrigerator_electricity_baseline_residential,residential,NLIRRepl,test_utility_1,test_utility_2,ROB,refrigerator_electricity_baseline_residential,refrigerator_electricity_top10_residential,single_family_li,unknown,10,750,,,,,10,0,,,,0,0.75,700.0,kWh,,,,,750,700.0,750,0,100,100,100,100,100,1,,,4179.184504189173,22758.075462192704,23064.76784611334,24986.886906153846,22184.053937686604,92993.7841521465,85.30202836775828,0.1450134482251891,0.5,0.75,0.5,375.0,562.5,375.0,75.0,225.0,225.0,16.706040567355167,,,,0,8.746824304857292,1512.0,10822.0,26748.0,1650.0,,,1650.0,,,2749.5,,,750,,
refrigerator_electricity_top10_residential_refrigerator_electricity_baseline_residential,residential,NLIRRepl,test_utility_1,test_utility_2,ROB,refrigerator_electricity_baseline_residential,refrigerator_electricity_top10_residential,multi_family,unknown,10,750,,,,,10,0,,,,0,0.75,1166.666667,kWh,,,,,750,1166.666667,750,0,100,100,100,100,100,1,,,4179.184504189173,22758.075462192704,23064.76784611334,24986.886906153846,22184.053937686604,92993.7841521465,85.30202836775828,0.1450134482251891,0.5,0.75,0.5,375.0,562.5,375.0,75.0,225.0,225.0,16.706040567355167,,,,0,8.746824304857292,2520.0000007199997,10822.0,26748.0,1650.0,,,1650.0,,,3757.5000007199997,,,750,,
refrigerator_electricity_top10_residential_refrigerator_electricity_baseline_residential,residential,NLIRRepl,test_utility_1,test_utility_2,ROB,refrigerator_electricity_baseline_residential,refrigerator_electricity_top10_residential,multi_family_li,unknown,10,750,,,,,10,0,,,,0,0.75,1166.666667,kWh,,,,,750,1166.666667,750,0,100,100,100,100,100,1,,,4179.184504189173,22758.075462192704,23064.76784611334,24986.886906153846,22184.053937686604,92993.7841521465,85.30202836775828,0.1450134482251891,0.5,0.75,0.5,375.0,562.5,375.0,75.0,225.0,225.0,16.706040567355167,,,,0,8.746824304857292,2520.0000007199997,10822.0,26748.0,1650.0,,,1650.0,,,3757.5000007199997,,,750,,
refrigerator_electricity_top10_residential_refrigerator_electricity_baseline_residential,residential,NLIRRepl,test_utility_1,test_utility_2,ROB,refrigerator_electricity_baseline_residential,refrigerator_electricity_top10_residential,single_family,unknown,10,750,,,,,10,0,,,,0,0.75,700.0,kWh,,,,,750,700.0,750,0,100,100,100,100,100,1,,,4179.184504189173,22758.075462192704,23064.76784611334,24986.886906153846,22184.053937686604,92993.7841521465,85.30202836775828,0.1450134482251891,0.5,0.75,0.5,375.0,562.5,375.0,75.0,225.0,225.0,16.706040567355167,,,,0,8.746824304857292,1512.0,10822.0,26748.0,1650.0,,,1650.0,,,2749.5,,,750,,
refrigerator_electricity_top10_residential_refrigerator_electricity_baseline_residential,residential,NLIRRepl,test_utility_1,test_utility_2,RENO,refrigerator_electricity_baseline_residential,refrigerator_electricity_top10_residential,single_family_li,unknown,10,750,,,,,10,0,,,,0,0.75,700.0,kWh,,,,,750,700.0,750,0,100,100,100,100,100,1,,,4179.184504189173,22758.075462192704,23064.76784611334,24986.886906153846,22184.053937686604,92993.7841521465,85.30202836775828,0.1450134482251891,0.5,0.75,0.5,375.0,562.5,375.0,75.0,225.0,225.0,16.706040567355167,,,,0,8.746824304857292,1512.0,10822.0,26748.0,1650.0,,,1650.0,,,2749.5,,,750,,
refrigerator_electricity_top10_residential_refrigerator_electricity_baseline_residential,residential,NLIRRepl,test_utility_1,test_utility_2,RENO,refrigerator_electricity_baseline_residential,refrigerator_electricity_top10_residential,multi_family,unknown,10,750,,,,,10,0,,,,0,0.75,1166.666667,kWh,,,,,750,1166.666667,750,0,100,100,100,100,100,1,,,4179.184504189173,22758.075462192704,23064.76784611334,24986.886906153846,22184.053937686604,92993.7841521465,85.30202836775828,0.1450134482251891,0.5,0.75,0.5,375.0,562.5,375.0,75.0,225.0,225.0,16.706040567355167,,,,0,8.746824304857292,2520.0000007199997,10822.0,26748.0,1650.0,,,1650.0,,,3757.5000007199997,,,750,,
refrigerator_electricity_top10_residential_refrigerator_electricity_baseline_residential,residential,NLIRRepl,test_utility_1,test_utility_2,RENO,refrigerator_electricity_baseline_residential,refrigerator_electricity_top10_residential,multi_family_li,unknown,10,750,,,,,10,0,,,,0,0.75,1166.666667,kWh,,,,,750,1166.666667,750,0,100,100,100,100,100,1,,,4179.184504189173,22758.075462192704,23064.76784611334,24986.886906153846,22184.053937686604,92993.7841521465,85.30202836775828,0.1450134482251891,0.5,0.75,0.5,375.0,562.5,375.0,75.0,225.0,225.0,16.706040567355167,,,,0,8.746824304857292,2520.0000007199997,10822.0,26748.0,1650.0,,,1650.0,,,3757.5000007199997,,,750,,
refrigerator_electricity_top10_residential_refrigerator_electricity_baseline_residential,residential,NLIRRepl,test_utility_1,test_utility_2,RENO,refrigerator_electricity_baseline_residential,refrigerator_electricity_top10_residential,single_family,unknown,10,750,,,,,10,0,,,,0,0.75,700.0,kWh,,,,,750,700.0,750,0,100,100,100,100,100,1,,,4179.184504189173,22758.075462192704,23064.76784611334,24986.886906153846,22184.053937686604,92993.7841521465,85.30202836775828,0.1450134482251891,0.5,0.75,0.5,375.0,562.5,375.0,75.0,225.0,225.0,16.706040567355167,,,,0,8.746824304857292,1512.0,10822.0,26748.0,1650.0,,,1650.0,,,2749.5,,,750,,
insulation_natural_gas_efficient_residential_whole_home_natural_gas_baseline_residential,residential,NLIRRepl,test_utility_1,test_utility_2,NC,whole_home_natural_gas_baseline_residential,insulation_natural_gas_efficient_residential,single_family,unknown,30,77,,,,,10,0,,,,0,0.75,0.0,kWh,234.0,kWh,0.0,kWh,77,0.0,77,0,100,100,100,100,100,1,,,9568.284110604924,55912.02669534272,58322.778073030924,60476.40817801612,48944.65402227069,223655.86696866044,196.0044134946977,0.33320750294098606,0.5,0.75,0.5,38.5,57.75,38.5,7.7,23.099999999999998,23.099999999999998,5.460088269893954,,,,0,20.0981875884996,0.0,35054.0,87045.0,169.4,,,169.4,,,127.05,,,77,,
insulation_natural_gas_efficient_residential_whole_home_natural_gas_baseline_residential,residential,NLIRRepl,test_utility_1,test_utility_2,ROB,whole_home_natural_gas_baseline_residential,insulation_natural_gas_efficient_residential,single_family,unknown,30,77,,,,,10,0,,,,0,0.75,0.0,kWh,234.0,kWh,0.0,kWh,77,0.0,77,0,100,100,100,100,100,1,,,9568.284110604924,55912.02669534272,58322.778073030924,60476.40817801612,48944.65402227069,223655.86696866044,196.0044134946977,0.33320750294098606,0.5,0.75,0.5,38.5,57.75,38.5,7.7,23.099999999999998,23.099999999999998,5.460088269893954,,,,0,20.0981875884996,0.0,35054.0,87045.0,169.4,,,169.4,,,127.05,,,77,,
insulation_natural_gas_efficient_residential_whole_home_natural_gas_baseline_residential,residential,NLIRRepl,test_utility_1,test_utility_2,RENO,whole_home_natural_gas_baseline_residential,insulation_natural_gas_efficient_residential,single_family,unknown,30,77,,,,,10,0,,,,0,0.75,0.0,kWh,234.0,kWh,0.0,kWh,77,0.0,77,0,100,100,100,100,100,1,,,9568.284110604924,55912.02669534272,58322.778073030924,60476.40817801612,48944.65402227069,223655.86696866044,196.0044134946977,0.33320750294098606,0.5,0.75,0.5,38.5,57.75,38.5,7.7,23.099999999999998,23.099999999999998,5.460088269893954,,,,0,20.0981875884996,0.0,35054.0,87045.0,169.4,,,169.4,,,127.05,,,77,,
HERS_electricity_efficient_residential_whole_home_natural_gas_baseline_residential,residential,NLIRRepl,test_utility_1,test_utility_2,NC,whole_home_natural_gas_baseline_residential,HERS_electricity_efficient_residential,single_family,unknown,30,-2050,,,,,10,0,,,,0,0.75,100.0,kWh,0.0,kWh,0.0,kWh,-2050,100.0,-2050,0,100,100,100,100,100,1,,,9568.284110604924,55912.02669534272,58322.778073030924,60476.40817801612,48944.65402227069,223655.86696866044,196.0044134946977,0.33320750294098606,0.5,0.75,0.5,-1025.0,-1537.5,-1025.0,-205.0,-615.0,-615.0,-37.07991173010605,,,,0,20.0981875884996,705.0,35054.0,87045.0,-4510.0,,,-4510.0,,,-2677.5,,,-2050,,
HERS_electricity_efficient_residential_whole_home_natural_gas_baseline_residential,residential,NLIRRepl,test_utility_1,test_utility_2,ROB,whole_home_natural_gas_baseline_residential,HERS_electricity_efficient_residential,single_family,unknown,30,-2050,,,,,10,0,,,,0,0.75,100.0,kWh,0.0,kWh,0.0,kWh,-2050,100.0,-2050,0,100,100,100,100,100,1,,,9568.284110604924,55912.02669534272,58322.778073030924,60476.40817801612,48944.65402227069,223655.86696866044,196.0044134946977,0.33320750294098606,0.5,0.75,0.5,-1025.0,-1537.5,-1025.0,-205.0,-615.0,-615.0,-37.07991173010605,,,,0,20.0981875884996,705.0,35054.0,87045.0,-4510.0,,,-4510.0,,,-2677.5,,,-2050,,
HERS_electricity_efficient_residential_whole_home_natural_gas_baseline_residential,residential,NLIRRepl,test_utility_1,test_utility_2,RENO,whole_home_natural_gas_baseline_residential,HERS_electricity_efficient_residential,single_family,unknown,30,-2050,,,,,10,0,,,,0,0.75,100.0,kWh,0.0,kWh,0.0,kWh,-2050,100.0,-2050,0,100,100,100,100,100,1,,,9568.284110604924,55912.02669534272,58322.778073030924,60476.40817801612,48944.65402227069,223655.86696866044,196.0044134946977,0.33320750294098606,0.5,0.75,0.5,-1025.0,-1537.5,-1025.0,-205.0,-615.0,-615.0,-37.07991173010605,,,,0,20.0981875884996,705.0,35054.0,87045.0,-4510.0,,,-4510.0,,,-2677.5,,,-2050,,
refrigerator_electricity_efficient_residential_refrigerator_electricity_existing_residential,residential,NLIRRepl,test_utility_1,test_utility_1,RET_ER,refrigerator_electricity_existing_residential,refrigerator_electricity_efficient_residential,single_family_li,unknown,10,650,,,,,10,0,,,,0,0.75,700.0,kWh,,,,,650,700.0,650,0,100,100,100,100,100,1,,,4179.184504189173,22758.075462192704,23064.76784611334,24986.886906153846,22184.053937686604,92993.7841521465,85.30202836775828,0.1450134482251891,0.5,0.5,0.5,325.0,325.0,325.0,65.0,195.0,195.0,14.706040567355167,,,,0,0.21662146808146338,1512.0,10822.0,26748.0,1430.0,,,1430.0,,,2422.0,,,650,,
refrigerator_electricity_efficient_residential_refrigerator_electricity_existing_residential,residential,NLIRRepl,test_utility_1,test_utility_1,RET_ER,refrigerator_electricity_existing_residential,refrigerator_electricity_efficient_residential,multi_family,unknown,10,650,,,,,10,0,,,,0,0.75,1166.666667,kWh,,,,,650,1166.666667,650,0,100,100,100,100,100,1,,,4179.184504189173,22758.075462192704,23064.76784611334,24986.886906153846,22184.053937686604,92993.7841521465,85.30202836775828,0.1450134482251891,0.5,0.5,0.5,325.0,325.0,325.0,65.0,195.0,195.0,14.706040567355167,,,,0,0.21662146808146338,2520.0000007199997,10822.0,26748.0,1430.0,,,1430.0,,,3430.0000007199997,,,650,,
refrigerator_electricity_efficient_residential_refrigerator_electricity_existing_residential,residential,NLIRRepl,test_utility_1,test_utility_1,RET_ER,refrigerator_electricity_existing_residential,refrigerator_electricity_efficient_residential,multi_family_li,unknown,10,650,,,,,10,0,,,,0,0.75,1166.666667,kWh,,,,,650,1166.666667,650,0,100,100,100,100,100,1,,,4179.184504189173,22758.075462192704,23064.76784611334,24986.886906153846,22184.053937686604,92993.7841521465,85.30202836775828,0.1450134482251891,0.5,0.5,0.5,325.0,325.0,325.0,65.0,195.0,195.0,14.706040567355167,,,,0,0.21662146808146338,2520.0000007199997,10822.0,26748.0,1430.0,,,1430.0,,,3430.0000007199997,,,650,,
refrigerator_electricity_efficient_residential_refrigerator_electricity_existing_residential,residential,NLIRRepl,test_utility_1,test_utility_1,RET_ER,refrigerator_electricity_existing_residential,refrigerator_electricity_efficient_residential,single_family,unknown,10,650,,,,,10,0,,,,0,0.75,700.0,kWh,,,,,650,700.0,650,0,100,100,100,100,100,1,,,4179.184504189173,22758.075462192704,23064.76784611334,24986.886906153846,22184.053937686604,92993.7841521465,85.30202836775828,0.1450134482251891,0.5,0.5,0.5,325.0,325.0,325.0,65.0,195.0,195.0,14.706040567355167,,,,0,0.21662146808146338,1512.0,10822.0,26748.0,1430.0,,,1430.0,,,2422.0,,,650,,
refrigerator_electricity_efficient_residential_refrigerator_electricity_baseline_residential,residential,NLIRRepl,test_utility_1,test_utility_1,NC,refrigerator_electricity_baseline_residential,refrigerator_electricity_efficient_residential,single_family_li,unknown,10,450,,,,,10,0,,,,0,0.75,450.0,kWh,,,,,450,450.0,450,0,100,100,100,100,100,1,,,4179.184504189173,22758.075462192704,23064.76784611334,24986.886906153846,22184.053937686604,92993.7841521465,85.30202836775828,0.1450134482251891,0.5,0.5,0.5,225.0,225.0,225.0,45.0,135.0,135.0,10.706040567355167,,,,0,0.21662146808146338,972.0,10822.0,26748.0,990.0,,,990.0,,,1602.0,,,450,,
refrigerator_electricity_efficient_residential_refrigerator_electricity_baseline_residential,residential,NLIRRepl,test_utility_1,test_utility_1,NC,refrigerator_electricity_baseline_residential,refrigerator_electricity_efficient_residential,multi_family,unknown,10,450,,,,,10,0,,,,0,0.75,750.0,kWh,,,,,450,750.0,450,0,100,100,100,100,100,1,,,4179.184504189173,22758.075462192704,23064.76784611334,24986.886906153846,22184.053937686604,92993.7841521465,85.30202836775828,0.1450134482251891,0.5,0.5,0.5,225.0,225.0,225.0,45.0,135.0,135.0,10.706040567355167,,,,0,0.21662146808146338,1620.0,10822.0,26748.0,990.0,,,990.0,,,2250.0,,,450,,
refrigerator_electricity_efficient_residential_refrigerator_electricity_baseline_residential,residential,NLIRRepl,test_utility_1,test_utility_1,NC,refrigerator_electricity_baseline_residential,refrigerator_electricity_efficient_residential,multi_family_li,unknown,10,450,,,,,10,0,,,,0,0.75,750.0,kWh,,,,,450,750.0,450,0,100,100,100,100,100,1,,,4179.184504189173,22758.075462192704,23064.76784611334,24986.886906153846,22184.053937686604,92993.7841521465,85.30202836775828,0.1450134482251891,0.5,0.5,0.5,225.0,225.0,225.0,45.0,135.0,135.0,10.706040567355167,,,,0,0.21662146808146338,1620.0,10822.0,26748.0,990.0,,,990.0,,,2250.0,,,450,,
refrigerator_electricity_efficient_residential_refrigerator_electricity_baseline_residential,residential,NLIRRepl,test_utility_1,test_utility_1,NC,refrigerator_electricity_baseline_residential,refrigerator_electricity_efficient_residential,single_family,unknown,10,450,,,,,10,0,,,,0,0.75,450.0,kWh,,,,,450,450.0,450,0,100,100,100,100,100,1,,,4179.184504189173,22758.075462192704,23064.76784611334,24986.886906153846,22184.053937686604,92993.7841521465,85.30202836775828,0.1450134482251891,0.5,0.5,0.5,225.0,225.0,225.0,45.0,135.0,135.0,10.706040567355167,,,,0,0.21662146808146338,972.0,10822.0,26748.0,990.0,,,990.0,,,1602.0,,,450,,
refrigerator_electricity_efficient_residential_refrigerator_electricity_baseline_residential,residential,NLIRRepl,test_utility_1,test_utility_1,ROB,refrigerator_electricity_baseline_residential,refrigerator_electricity_efficient_residential,single_family_li,unknown,10,450,,,,,10,0,,,,0,0.75,450.0,kWh,,,,,450,450.0,450,0,100,100,100,100,100,1,,,4179.184504189173,22758.075462192704,23064.76784611334,24986.886906153846,22184.053937686604,92993.7841521465,85.30202836775828,0.1450134482251891,0.5,0.5,0.5,225.0,225.0,225.0,45.0,135.0,135.0,10.706040567355167,,,,0,0.21662146808146338,972.0,10822.0,26748.0,990.0,,,990.0,,,1602.0,,,450,,
refrigerator_electricity_efficient_residential_refrigerator_electricity_baseline_residential,residential,NLIRRepl,test_utility_1,test_utility_1,ROB,refrigerator_electricity_baseline_residential,refrigerator_electricity_efficient_residential,multi_family,unknown,10,450,,,,,10,0,,,,0,0.75,750.0,kWh,,,,,450,750.0,450,0,100,100,100,100,100,1,,,4179.184504189173,22758.075462192704,23064.76784611334,24986.886906153846,22184.053937686604,92993.7841521465,85.30202836775828,0.1450134482251891,0.5,0.5,0.5,225.0,225.0,225.0,45.0,135.0,135.0,10.706040567355167,,,,0,0.21662146808146338,1620.0,10822.0,26748.0,990.0,,,990.0,,,2250.0,,,450,,
refrigerator_electricity_efficient_residential_refrigerator_electricity_baseline_residential,residential,NLIRRepl,test_utility_1,test_utility_1,ROB,refrigerator_electricity_baseline_residential,refrigerator_electricity_efficient_residential,multi_family_li,unknown,10,450,,,,,10,0,,,,0,0.75,750.0,kWh,,,,,450,750.0,450,0,100,100,100,100,100,1,,,4179.184504189173,22758.075462192704,23064.76784611334,24986.886906153846,22184.053937686604,92993.7841521465,85.30202836775828,0.1450134482251891,0.5,0.5,0.5,225.0,225.0,225.0,45.0,135.0,135.0,10.706040567355167,,,,0,0.21662146808146338,1620.0,10822.0,26748.0,990.0,,,990.0,,,2250.0,,,450,,
refrigerator_electricity_efficient_residential_refrigerator_electricity_baseline_residential,residential,NLIRRepl,test_utility_1,test_utility_1,ROB,refrigerator_electricity_baseline_residential,refrigerator_electricity_efficient_residential,single_family,unknown,10,450,,,,,10,0,,,,0,0.75,450.0,kWh,,,,,450,450.0,450,0,100,100,100,100,100,1,,,4179.184504189173,22758.075462192704,23064.76784611334,24986.886906153846,22184.053937686604,92993.7841521465,85.30202836775828,0.1450134482251891,0.5,0.5,0.5,225.0,225.0,225.0,45.0,135.0,135.0,10.706040567355167,,,,0,0.21662146808146338,972.0,10822.0,26748.0,990.0,,,990.0,,,1602.0,,,450,,
refrigerator_electricity_efficient_residential_refrigerator_electricity_baseline_residential,residential,NLIRRepl,test_utility_1,test_utility_1,RENO,refrigerator_electricity_baseline_residential,refrigerator_electricity_efficient_residential,single_family_li,unknown,10,450,,,,,10,0,,,,0,0.75,450.0,kWh,,,,,450,450.0,450,0,100,100,100,100,100,1,,,4179.184504189173,22758.075462192704,23064.76784611334,24986.886906153846,22184.053937686604,92993.7841521465,85.30202836775828,0.1450134482251891,0.5,0.5,0.5,225.0,225.0,225.0,45.0,135.0,135.0,10.706040567355167,,,,0,0.21662146808146338,972.0,10822.0,26748.0,990.0,,,990.0,,,1602.0,,,450,,
refrigerator_electricity_efficient_residential_refrigerator_electricity_baseline_residential,residential,NLIRRepl,test_utility_1,test_utility_1,RENO,refrigerator_electricity_baseline_residential,refrigerator_electricity_efficient_residential,multi_family,unknown,10,450,,,,,10,0,,,,0,0.75,750.0,kWh,,,,,450,750.0,450,0,100,100,100,100,100,1,,,4179.184504189173,22758.075462192704,23064.76784611334,24986.886906153846,22184.053937686604,92993.7841521465,85.30202836775828,0.1450134482251891,0.5,0.5,0.5,225.0,225.0,225.0,45.0,135.0,135.0,10.706040567355167,,,,0,0.21662146808146338,1620.0,10822.0,26748.0,990.0,,,990.0,,,2250.0,,,450,,
refrigerator_electricity_efficient_residential_refrigerator_electricity_baseline_residential,residential,NLIRRepl,test_utility_1,test_utility_1,RENO,refrigerator_electricity_baseline_residential,refrigerator_electricity_efficient_residential,multi_family_li,unknown,10,450,,,,,10,0,,,,0,0.75,750.0,kWh,,,,,450,750.0,450,0,100,100,100,100,100,1,,,4179.184504189173,22758.075462192704,23064.76784611334,24986.886906153846,22184.053937686604,92993.7841521465,85.30202836775828,0.1450134482251891,0.5,0.5,0.5,225.0,225.0,225.0,45.0,135.0,135.0,10.706040567355167,,,,0,0.21662146808146338,1620.0,10822.0,26748.0,990.0,,,990.0,,,2250.0,,,450,,
refrigerator_electricity_efficient_residential_refrigerator_electricity_baseline_residential,residential,NLIRRepl,test_utility_1,test_utility_1,RENO,refrigerator_electricity_baseline_residential,refrigerator_electricity_efficient_residential,single_family,unknown,10,450,,,,,10,0,,,,0,0.75,450.0,kWh,,,,,450,450.0,450,0,100,100,100,100,100,1,,,4179.184504189173,22758.075462192704,23064.76784611334,24986.886906153846,22184.053937686604,92993.7841521465,85.30202836775828,0.1450134482251891,0.5,0.5,0.5,225.0,225.0,225.0,45.0,135.0,135.0,10.706040567355167,,,,0,0.21662146808146338,972.0,10822.0,26748.0,990.0,,,990.0,,,1602.0,,,450,,
refrigerator_electricity_top10_residential_refrigerator_electricity_existing_residential,residential,NLIRRepl,test_utility_1,test_utility_1,RET_ER,refrigerator_electricity_existing_residential,refrigerator_electricity_top10_residential,single_family_li,unknown,10,950,,,,,10,0,,,,0,0.75,950.0,kWh,,,,,950,950.0,950,0,100,100,100,100,100,1,,,4179.184504189173,22758.075462192704,23064.76784611334,24986.886906153846,22184.053937686604,92993.7841521465,85.30202836775828,0.1450134482251891,0.5,0.5,0.5,475.0,475.0,475.0,95.0,285.0,285.0,20.706040567355167,,,,0,0.21662146808146338,2052.0,10822.0,26748.0,2090.0,,,2090.0,,,3382.0,,,950,,
refrigerator_electricity_top10_residential_refrigerator_electricity_existing_residential,residential,NLIRRepl,test_utility_1,test_utility_1,RET_ER,refrigerator_electricity_existing_residential,refrigerator_electricity_top10_residential,multi_family,unknown,10,950,,,,,10,0,,,,0,0.75,1583.333333,kWh,,,,,950,1583.333333,950,0,100,100,100,100,100,1,,,4179.184504189173,22758.075462192704,23064.76784611334,24986.886906153846,22184.053937686604,92993.7841521465,85.30202836775828,0.1450134482251891,0.5,0.5,0.5,475.0,475.0,475.0,95.0,285.0,285.0,20.706040567355167,,,,0,0.21662146808146338,3419.9999992800003,10822.0,26748.0,2090.0,,,2090.0,,,4749.99999928,,,950,,
refrigerator_electricity_top10_residential_refrigerator_electricity_existing_residential,residential,NLIRRepl,test_utility_1,test_utility_1,RET_ER,refrigerator_electricity_existing_residential,refrigerator_electricity_top10_residential,multi_family_li,unknown,10,950,,,,,10,0,,,,0,0.75,1583.333333,kWh,,,,,950,1583.333333,950,0,100,100,100,100,100,1,,,4179.184504189173,22758.075462192704,23064.76784611334,24986.886906153846,22184.053937686604,92993.7841521465,85.30202836775828,0.1450134482251891,0.5,0.5,0.5,475.0,475.0,475.0,95.0,285.0,285.0,20.706040567355167,,,,0,0.21662146808146338,3419.9999992800003,10822.0,26748.0,2090.0,,,2090.0,,,4749.99999928,,,950,,
refrigerator_electricity_top10_residential_refrigerator_electricity_existing_residential,residential,NLIRRepl,test_utility_1,test_utility_1,RET_ER,refrigerator_electricity_existing_residential,refrigerator_electricity_top10_residential,single_family,unknown,10,950,,,,,10,0,,,,0,0.75,950.0,kWh,,,,,950,950.0,950,0,100,100,100,100,100,1,,,4179.184504189173,22758.075462192704,23064.76784611334,24986.886906153846,22184.053937686604,92993.7841521465,85.30202836775828,0.1450134482251891,0.5,0.5,0.5,475.0,475.0,475.0,95.0,285.0,285.0,20.706040567355167,,,,0,0.21662146808146338,2052.0,10822.0,26748.0,2090.0,,,2090.0,,,3382.0,,,950,,
refrigerator_electricity_top10_residential_refrigerator_electricity_baseline_residential,residential,NLIRRepl,test_utility_1,test_utility_1,NC,refrigerator_electricity_baseline_residential,refrigerator_electricity_top10_residential,single_family_li,unknown,10,750,,,,,10,0,,,,0,0.75,700.0,kWh,,,,,750,700.0,750,0,100,100,100,100,100,1,,,4179.184504189173,22758.075462192704,23064.76784611334,24986.886906153846,22184.053937686604,92993.7841521465,85.30202836775828,0.1450134482251891,0.5,0.5,0.5,375.0,375.0,375.0,75.0,225.0,225.0,16.706040567355167,,,,0,0.21662146808146338,1512.0,10822.0,26748.0,1650.0,,,1650.0,,,2562.0,,,750,,
refrigerator_electricity_top10_residential_refrigerator_electricity_baseline_residential,residential,NLIRRepl,test_utility_1,test_utility_1,NC,refrigerator_electricity_baseline_residential,refrigerator_electricity_top10_residential,multi_family,unknown,10,750,,,,,10,0,,,,0,0.75,1166.666667,kWh,,,,,750,1166.666667,750,0,100,100,100,100,100,1,,,4179.184504189173,22758.075462192704,23064.76784611334,24986.886906153846,22184.053937686604,92993.7841521465,85.30202836775828,0.1450134482251891,0.5,0.5,0.5,375.0,375.0,375.0,75.0,225.0,225.0,16.706040567355167,,,,0,0.21662146808146338,2520.0000007199997,10822.0,26748.0,1650.0,,,1650.0,,,3570.0000007199997,,,750,,
refrigerator_electricity_top10_residential_refrigerator_electricity_baseline_residential,residential,NLIRRepl,test_utility_1,test_utility_1,NC,refrigerator_electricity_baseline_residential,refrigerator_electricity_top10_residential,multi_family_li,unknown,10,750,,,,,10,0,,,,0,0.75,1166.666667,kWh,,,,,750,1166.666667,750,0,100,100,100,100,100,1,,,4179.184504189173,22758.075462192704,23064.76784611334,24986.886906153846,22184.053937686604,92993.7841521465,85.30202836775828,0.1450134482251891,0.5,0.5,0.5,375.0,375.0,375.0,75.0,225.0,225.0,16.706040567355167,,,,0,0.21662146808146338,2520.0000007199997,10822.0,26748.0,1650.0,,,1650.0,,,3570.0000007199997,,,750,,
refrigerator_electricity_top10_residential_refrigerator_electricity_baseline_residential,residential,NLIRRepl,test_utility_1,test_utility_1,NC,refrigerator_electricity_baseline_residential,refrigerator_electricity_top10_residential,single_family,unknown,10,750,,,,,10,0,,,,0,0.75,700.0,kWh,,,,,750,700.0,750,0,100,100,100,100,100,1,,,4179.184504189173,22758.075462192704,23064.76784611334,24986.886906153846,22184.053937686604,92993.7841521465,85.30202836775828,0.1450134482251891,0.5,0.5,0.5,375.0,375.0,375.0,75.0,225.0,225.0,16.706040567355167,,,,0,0.21662146808146338,1512.0,10822.0,26748.0,1650.0,,,1650.0,,,2562.0,,,750,,
refrigerator_electricity_top10_residential_refrigerator_electricity_baseline_residential,residential,NLIRRepl,test_utility_1,test_utility_1,ROB,refrigerator_electricity_baseline_residential,refrigerator_electricity_top10_residential,single_family_li,unknown,10,750,,,,,10,0,,,,0,0.75,700.0,kWh,,,,,750,700.0,750,0,100,100,100,100,100,1,,,4179.184504189173,22758.075462192704,23064.76784611334,24986.886906153846,22184.053937686604,92993.7841521465,85.30202836775828,0.1450134482251891,0.5,0.5,0.5,375.0,375.0,375.0,75.0,225.0,225.0,16.706040567355167,,,,0,0.21662146808146338,1512.0,10822.0,26748.0,1650.0,,,1650.0,,,2562.0,,,750,,
refrigerator_electricity_top10_residential_refrigerator_electricity_baseline_residential,residential,NLIRRepl,test_utility_1,test_utility_1,ROB,refrigerator_electricity_baseline_residential,refrigerator_electricity_top10_residential,multi_family,unknown,10,750,,,,,10,0,,,,0,0.75,1166.666667,kWh,,,,,750,1166.666667,750,0,100,100,100,100,100,1,,,4179.184504189173,22758.075462192704,23064.76784611334,24986.886906153846,22184.053937686604,92993.7841521465,85.30202836775828,0.1450134482251891,0.5,0.5,0.5,375.0,375.0,375.0,75.0,225.0,225.0,16.706040567355167,,,,0,0.21662146808146338,2520.0000007199997,10822.0,26748.0,1650.0,,,1650.0,,,3570.0000007199997,,,750,,
refrigerator_electricity_top10_residential_refrigerator_electricity_baseline_residential,residential,NLIRRepl,test_utility_1,test_utility_1,ROB,refrigerator_electricity_baseline_residential,refrigerator_electricity_top10_residential,multi_family_li,unknown,10,750,,,,,10,0,,,,0,0.75,1166.666667,kWh,,,,,750,1166.666667,750,0,100,100,100,100,100,1,,,4179.184504189173,22758.075462192704,23064.76784611334,24986.886906153846,22184.053937686604,92993.7841521465,85.30202836775828,0.1450134482251891,0.5,0.5,0.5,375.0,375.0,375.0,75.0,225.0,225.0,16.706040567355167,,,,0,0.21662146808146338,2520.0000007199997,10822.0,26748.0,1650.0,,,1650.0,,,3570.0000007199997,,,750,,
refrigerator_electricity_top10_residential_refrigerator_electricity_baseline_residential,residential,NLIRRepl,test_utility_1,test_utility_1,ROB,refrigerator_electricity_baseline_residential,refrigerator_electricity_top10_residential,single_family,unknown,10,750,,,,,10,0,,,,0,0.75,700.0,kWh,,,,,750,700.0,750,0,100,100,100,100,100,1,,,4179.184504189173,22758.075462192704,23064.76784611334,24986.886906153846,22184.053937686604,92993.7841521465,85.30202836775828,0.1450134482251891,0.5,0.5,0.5,375.0,375.0,375.0,75.0,225.0,225.0,16.706040567355167,,,,0,0.21662146808146338,1512.0,10822.0,26748.0,1650.0,,,1650.0,,,2562.0,,,750,,
refrigerator_electricity_top10_residential_refrigerator_electricity_baseline_residential,residential,NLIRRepl,test_utility_1,test_utility_1,RENO,refrigerator_electricity_baseline_residential,refrigerator_electricity_top10_residential,single_family_li,unknown,10,750,,,,,10,0,,,,0,0.75,700.0,kWh,,,,,750,700.0,750,0,100,100,100,100,100,1,,,4179.184504189173,22758.075462192704,23064.76784611334,24986.886906153846,22184.053937686604,92993.7841521465,85.30202836775828,0.1450134482251891,0.5,0.5,0.5,375.0,375.0,375.0,75.0,225.0,225.0,16.706040567355167,,,,0,0.21662146808146338,1512.0,10822.0,26748.0,1650.0,,,1650.0,,,2562.0,,,750,,
refrigerator_electricity_top10_residential_refrigerator_electricity_baseline_residential,residential,NLIRRepl,test_utility_1,test_utility_1,RENO,refrigerator_electricity_baseline_residential,refrigerator_electricity_top10_residential,multi_family,unknown,10,750,,,,,10,0,,,,0,0.75,1166.666667,kWh,,,,,750,1166.666667,750,0,100,100,100,100,100,1,,,4179.184504189173,22758.075462192704,23064.76784611334,24986.886906153846,22184.053937686604,92993.7841521465,85.30202836775828,0.1450134482251891,0.5,0.5,0.5,375.0,375.0,375.0,75.0,225.0,225.0,16.706040567355167,,,,0,0.21662146808146338,2520.0000007199997,10822.0,26748.0,1650.0,,,1650.0,,,3570.0000007199997,,,750,,
refrigerator_electricity_top10_residential_refrigerator_electricity_baseline_residential,residential,NLIRRepl,test_utility_1,test_utility_1,RENO,refrigerator_electricity_baseline_residential,refrigerator_electricity_top10_residential,multi_family_li,unknown,10,750,,,,,10,0,,,,0,0.75,1166.666667,kWh,,,,,750,1166.666667,750,0,100,100,100,100,100,1,,,4179.184504189173,22758.075462192704,23064.76784611334,24986.886906153846,22184.053937686604,92993.7841521465,85.30202836775828,0.1450134482251891,0.5,0.5,0.5,375.0,375.0,375.0,75.0,225.0,225.0,16.706040567355167,,,,0,0.21662146808146338,2520.0000007199997,10822.0,26748.0,1650.0,,,1650.0,,,3570.0000007199997,,,750,,
refrigerator_electricity_top10_residential_refrigerator_electricity_baseline_residential,residential,NLIRRepl,test_utility_1,test_utility_1,RENO,refrigerator_electricity_baseline_residential,refrigerator_electricity_top10_residential,single_family,unknown,10,750,,,,,10,0,,,,0,0.75,700.0,kWh,,,,,750,700.0,750,0,100,100,100,100,100,1,,,4179.184504189173,22758.075462192704,23064.76784611334,24986.886906153846,22184.053937686604,92993.7841521465,85.30202836775828,0.1450134482251891,0.5,0.5,0.5,375.0,375.0,375.0,75.0,225.0,225.0,16.706040567355167,,,,0,0.21662146808146338,1512.0,10822.0,26748.0,1650.0,,,1650.0,,,2562.0,,,750,,
insulation_natural_gas_efficient_residential_whole_home_natural_gas_baseline_residential,residential,NLIRRepl,test_utility_1,test_utility_1,NC,whole_home_natural_gas_baseline_residential,insulation_natural_gas_efficient_residential,single_family,unknown,30,77,,,,,10,0,,,,0,0.75,0.0,kWh,234.0,kWh,0.0,kWh,77,0.0,77,0,100,100,100,100,100,1,,,9568.284110604924,55912.02669534272,58322.778073030924,60476.40817801612,48944.65402227069,223655.86696866044,196.0044134946977,0.33320750294098606,0.5,0.5,0.5,38.5,38.5,38.5,7.7,23.099999999999998,23.099999999999998,5.460088269893954,,,,0,0.4977462390298306,0.0,35054.0,87045.0,169.4,,,169.4,,,107.8,,,77,,
insulation_natural_gas_efficient_residential_whole_home_natural_gas_baseline_residential,residential,NLIRRepl,test_utility_1,test_utility_1,ROB,whole_home_natural_gas_baseline_residential,insulation_natural_gas_efficient_residential,single_family,unknown,30,77,,,,,10,0,,,,0,0.75,0.0,kWh,234.0,kWh,0.0,kWh,77,0.0,77,0,100,100,100,100,100,1,,,9568.284110604924,55912.02669534272,58322.778073030924,60476.40817801612,48944.65402227069,223655.86696866044,196.0044134946977,0.33320750294098606,0.5,0.5,0.5,38.5,38.5,38.5,7.7,23.099999999999998,23.099999999999998,5.460088269893954,,,,0,0.4977462390298306,0.0,35054.0,87045.0,169.4,,,169.4,,,107.8,,,77,,
insulation_natural_gas_efficient_residential_whole_home_natural_gas_baseline_residential,residential,NLIRRepl,test_utility_1,test_utility_1,RENO,whole_home_natural_gas_baseline_residential,insulation_natural_gas_efficient_residential,single_family,unknown,30,77,,,,,10,0,,,,0,0.75,0.0,kWh,234.0,kWh,0.0,kWh,77,0.0,77,0,100,100,100,100,100,1,,,9568.284110604924,55912.02669534272,58322.778073030924,60476.40817801612,48944.65402227069,223655.86696866044,196.0044134946977,0.33320750294098606,0.5,0.5,0.5,38.5,38.5,38.5,7.7,23.099999999999998,23.099999999999998,5.460088269893954,,,,0,0.4977462390298306,0.0,35054.0,87045.0,169.4,,,169.4,,,107.8,,,77,,
HERS_electricity_efficient_residential_whole_home_natural_gas_baseline_residential,residential,NLIRRepl,test_utility_1,test_utility_1,NC,whole_home_natural_gas_baseline_residential,HERS_electricity_efficient_residential,single_family,unknown,30,-2050,,,,,10,0,,,,0,0.75,100.0,kWh,0.0,kWh,0.0,kWh,-2050,100.0,-2050,0,100,100,100,100,100,1,,,9568.284110604924,55912.02669534272,58322.778073030924,60476.40817801612,48944.65402227069,223655.86696866044,196.0044134946977,0.33320750294098606,0.5,0.5,0.5,-1025.0,-1025.0,-1025.0,-205.0,-615.0,-615.0,-37.07991173010605,,,,0,0.4977462390298306,705.0,35054.0,87045.0,-4510.0,,,-4510.0,,,-2165.0,,,-2050,,
HERS_electricity_efficient_residential_whole_home_natural_gas_baseline_residential,residential,NLIRRepl,test_utility_1,test_utility_1,ROB,whole_home_natural_gas_baseline_residential,HERS_electricity_efficient_residential,single_family,unknown,30,-2050,,,,,10,0,,,,0,0.75,100.0,kWh,0.0,kWh,0.0,kWh,-2050,100.0,-2050,0,100,100,100,100,100,1,,,9568.284110604924,55912.02669534272,58322.778073030924,60476.40817801612,48944.65402227069,223655.86696866044,196.0044134946977,0.33320750294098606,0.5,0.5,0.5,-1025.0,-1025.0,-1025.0,-205.0,-615.0,-615.0,-37.07991173010605,,,,0,0.4977462390298306,705.0,35054.0,87045.0,-4510.0,,,-4510.0,,,-2165.0,,,-2050,,
HERS_electricity_efficient_residential_whole_home_natural_gas_baseline_residential,residential,NLIRRepl,test_utility_1,test_utility_1,RENO,whole_home_natural_gas_baseline_residential,HERS_electricity_efficient_residential,single_family,unknown,30,-2050,,,,,10,0,,,,0,0.75,100.0,kWh,0.0,kWh,0.0,kWh,-2050,100.0,-2050,0,100,100,100,100,100,1,,,9568.284110604924,55912.02669534272,58322.778073030924,60476.40817801612,48944.65402227069,223655.86696866044,196.0044134946977,0.33320750294098606,0.5,0.5,0.5,-1025.0,-1025.0,-1025.0,-205.0,-615.0,-615.0,-37.07991173010605,,,,0,0.4977462390298306,705.0,35054.0,87045.0,-4510.0,,,-4510.0,,,-2165.0,,,-2050,,
refrigerator_electricity_efficient_residential_refrigerator_electricity_existing_residential,residential,NLIRRepl,test_utility_2,none,RET_ER,refrigerator_electricity_existing_residential,refrigerator_electricity_efficient_residential,single_family_li,unknown,10,650,,,,,10,0,,,,0,0.75,700.0,kWh,,,,,650,700.0,650,0,100,100,100,100,100,1,,,4179.184504189173,22758.075462192704,23064.76784611334,24986.886906153846,22184.053937686604,92993.7841521465,85.30202836775828,0.1450134482251891,0.75,0.0,0.5,487.5,0.0,325.0,195.0,195.0,195.0,14.706040567355167,,,,0,17.060405673551656,1512.0,10822.0,26748.0,1560.0,,,1560.0,,,2389.5,,,650,,
refrigerator_electricity_efficient_residential_refrigerator_electricity_existing_residential,residential,NLIRRepl,test_utility_2,none,RET_ER,refrigerator_electricity_existing_residential,refrigerator_electricity_efficient_residential,multi_family,unknown,10,650,,,,,10,0,,,,0,0.75,1166.666667,kWh,,,,,650,1166.666667,650,0,100,100,100,100,100,1,,,4179.184504189173,22758.075462192704,23064.76784611334,24986.886906153846,22184.053937686604,92993.7841521465,85.30202836775828,0.1450134482251891,0.75,0.0,0.5,487.5,0.0,325.0,195.0,195.0,195.0,14.706040567355167,,,,0,17.060405673551656,2520.0000007199997,10822.0,26748.0,1560.0,,,1560.0,,,3397.5000007199997,,,650,,
refrigerator_electricity_efficient_residential_refrigerator_electricity_existing_residential,residential,NLIRRepl,test_utility_2,none,RET_ER,refrigerator_electricity_existing_residential,refrigerator_electricity_efficient_residential,multi_family_li,unknown,10,650,,,,,10,0,,,,0,0.75,1166.666667,kWh,,,,,650,1166.666667,650,0,100,100,100,100,100,1,,,4179.184504189173,22758.075462192704,23064.76784611334,24986.886906153846,22184.053937686604,92993.7841521465,85.30202836775828,0.1450134482251891,0.75,0.0,0.5,487.5,0.0,325.0,195.0,195.0,195.0,14.706040567355167,,,,0,17.060405673551656,2520.0000007199997,10822.0,26748.0,1560.0,,,1560.0,,,3397.5000007199997,,,650,,
refrigerator_electricity_efficient_residential_refrigerator_electricity_existing_residential,residential,NLIRRepl,test_utility_2,none,RET_ER,refrigerator_electricity_existing_residential,refrigerator_electricity_efficient_residential,single_family,unknown,10,650,,,,,10,0,,,,0,0.75,700.0,kWh,,,,,650,700.0,650,0,100,100,100,100,100,1,,,4179.184504189173,22758.075462192704,23064.76784611334,24986.886906153846,22184.053937686604,92993.7841521465,85.30202836775828,0.1450134482251891,0.75,0.0,0.5,487.5,0.0,325.0,195.0,195.0,195.0,14.706040567355167,,,,0,17.060405673551656,1512.0,10822.0,26748.0,1560.0,,,1560.0,,,2389.5,,,650,,
refrigerator_electricity_efficient_residential_refrigerator_electricity_baseline_residential,residential,NLIRRepl,test_utility_2,none,NC,refrigerator_electricity_baseline_residential,refrigerator_electricity_efficient_residential,single_family_li,unknown,10,450,,,,,10,0,,,,0,0.75,450.0,kWh,,,,,450,450.0,450,0,100,100,100,100,100,1,,,4179.184504189173,22758.075462192704,23064.76784611334,24986.886906153846,22184.053937686604,92993.7841521465,85.30202836775828,0.1450134482251891,0.75,0.0,0.5,337.5,0.0,225.0,135.0,135.0,135.0,10.706040567355167,,,,0,17.060405673551656,972.0,10822.0,26748.0,1080.0,,,1080.0,,,1579.5,,,450,,
refrigerator_electricity_efficient_residential_refrigerator_electricity_baseline_residential,residential,NLIRRepl,test_utility_2,none,NC,refrigerator_electricity_baseline_residential,refrigerator_electricity_efficient_residential,multi_family,unknown,10,450,,,,,10,0,,,,0,0.75,750.0,kWh,,,,,450,750.0,450,0,100,100,100,100,100,1,,,4179.184504189173,22758.075462192704,23064.76784611334,24986.886906153846,22184.053937686604,92993.7841521465,85.30202836775828,0.1450134482251891,0.75,0.0,0.5,337.5,0.0,225.0,135.0,135.0,135.0,10.706040567355167,,,,0,17.060405673551656,1620.0,10822.0,26748.0,1080.0,,,1080.0,,,2227.5,,,450,,
refrigerator_electricity_efficient_residential_refrigerator_electricity_baseline_residential,residential,NLIRRepl,test_utility_2,none,NC,refrigerator_electricity_baseline_residential,refrigerator_electricity_efficient_residential,multi_family_li,unknown,10,450,,,,,10,0,,,,0,0.75,750.0,kWh,,,,,450,750.0,450,0,100,100,100,100,100,1,,,4179.184504189173,22758.075462192704,23064.76784611334,24986.886906153846,22184.053937686604,92993.7841521465,85.30202836775828,0.1450134482251891,0.75,0.0,0.5,337.5,0.0,225.0,135.0,135.0,135.0,10.706040567355167,,,,0,17.060405673551656,1620.0,10822.0,26748.0,1080.0,,,1080.0,,,2227.5,,,450,,
refrigerator_electricity_efficient_residential_refrigerator_electricity_baseline_residential,residential,NLIRRepl,test_utility_2,none,NC,refrigerator_electricity_baseline_residential,refrigerator_electricity_efficient_residential,single_family,unknown,10,450,,,,,10,0,,,,0,0.75,450.0,kWh,,,,,450,450.0,450,0,100,100,100,100,100,1,,,4179.184504189173,22758.075462192704,23064.76784611334,24986.886906153846,22184.053937686604,92993.7841521465,85.30202836775828,0.1450134482251891,0.75,0.0,0.5,337.5,0.0,225.0,135.0,135.0,135.0,10.706040567355167,,,,0,17.060405673551656,972.0,10822.0,26748.0,1080.0,,,1080.0,,,1579.5,,,450,,
refrigerator_electricity_efficient_residential_refrigerator_electricity_baseline_residential,residential,NLIRRepl,test_utility_2,none,ROB,refrigerator_electricity_baseline_residential,refrigerator_electricity_efficient_residential,single_family_li,unknown,10,450,,,,,10,0,,,,0,0.75,450.0,kWh,,,,,450,450.0,450,0,100,100,100,100,100,1,,,4179.184504189173,22758.075462192704,23064.76784611334,24986.886906153846,22184.053937686604,92993.7841521465,85.30202836775828,0.1450134482251891,0.75,0.0,0.5,337.5,0.0,225.0,135.0,135.0,135.0,10.706040567355167,,,,0,17.060405673551656,972.0,10822.0,26748.0,1080.0,,,1080.0,,,1579.5,,,450,,
refrigerator_electricity_efficient_residential_refrigerator_electricity_baseline_residential,residential,NLIRRepl,test_utility_2,none,ROB,refrigerator_electricity_baseline_residential,refrigerator_electricity_efficient_residential,multi_family,unknown,10,450,,,,,10,0,,,,0,0.75,750.0,kWh,,,,,450,750.0,450,0,100,100,100,100,100,1,,,4179.184504189173,22758.075462192704,23064.76784611334,24986.886906153846,22184.053937686604,92993.7841521465,85.30202836775828,0.1450134482251891,0.75,0.0,0.5,337.5,0.0,225.0,135.0,135.0,135.0,10.706040567355167,,,,0,17.060405673551656,1620.0,10822.0,26748.0,1080.0,,,1080.0,,,2227.5,,,450,,
refrigerator_electricity_efficient_residential_refrigerator_electricity_baseline_residential,residential,NLIRRepl,test_utility_2,none,ROB,refrigerator_electricity_baseline_residential,refrigerator_electricity_efficient_residential,multi_family_li,unknown,10,450,,,,,10,0,,,,0,0.75,750.0,kWh,,,,,450,750.0,450,0,100,100,100,100,100,1,,,4179.184504189173,22758.075462192704,23064.76784611334,24986.886906153846,22184.053937686604,92993.7841521465,85.30202836775828,0.1450134482251891,0.75,0.0,0.5,337.5,0.0,225.0,135.0,135.0,135.0,10.706040567355167,,,,0,17.060405673551656,1620.0,10822.0,26748.0,1080.0,,,1080.0,,,2227.5,,,450,,
refrigerator_electricity_efficient_residential_refrigerator_electricity_baseline_residential,residential,NLIRRepl,test_utility_2,none,ROB,refrigerator_electricity_baseline_residential,refrigerator_electricity_efficient_residential,single_family,unknown,10,450,,,,,10,0,,,,0,0.75,450.0,kWh,,,,,450,450.0,450,0,100,100,100,100,100,1,,,4179.184504189173,22758.075462192704,23064.76784611334,24986.886906153846,22184.053937686604,92993.7841521465,85.30202836775828,0.1450134482251891,0.75,0.0,0.5,337.5,0.0,225.0,135.0,135.0,135.0,10.706040567355167,,,,0,17.060405673551656,972.0,10822.0,26748.0,1080.0,,,1080.0,,,1579.5,,,450,,
refrigerator_electricity_efficient_residential_refrigerator_electricity_baseline_residential,residential,NLIRRepl,test_utility_2,none,RENO,refrigerator_electricity_baseline_residential,refrigerator_electricity_efficient_residential,single_family_li,unknown,10,450,,,,,10,0,,,,0,0.75,450.0,kWh,,,,,450,450.0,450,0,100,100,100,100,100,1,,,4179.184504189173,22758.075462192704,23064.76784611334,24986.886906153846,22184.053937686604,92993.7841521465,85.30202836775828,0.1450134482251891,0.75,0.0,0.5,337.5,0.0,225.0,135.0,135.0,135.0,10.706040567355167,,,,0,17.060405673551656,972.0,10822.0,26748.0,1080.0,,,1080.0,,,1579.5,,,450,,
refrigerator_electricity_efficient_residential_refrigerator_electricity_baseline_residential,residential,NLIRRepl,test_utility_2,none,RENO,refrigerator_electricity_baseline_residential,refrigerator_electricity_efficient_residential,multi_family,unknown,10,450,,,,,10,0,,,,0,0.75,750.0,kWh,,,,,450,750.0,450,0,100,100,100,100,100,1,,,4179.184504189173,22758.075462192704,23064.76784611334,24986.886906153846,22184.053937686604,92993.7841521465,85.30202836775828,0.1450134482251891,0.75,0.0,0.5,337.5,0.0,225.0,135.0,135.0,135.0,10.706040567355167,,,,0,17.060405673551656,1620.0,10822.0,26748.0,1080.0,,,1080.0,,,2227.5,,,450,,
refrigerator_electricity_efficient_residential_refrigerator_electricity_baseline_residential,residential,NLIRRepl,test_utility_2,none,RENO,refrigerator_electricity_baseline_residential,refrigerator_electricity_efficient_residential,multi_family_li,unknown,10,450,,,,,10,0,,,,0,0.75,750.0,kWh,,,,,450,750.0,450,0,100,100,100,100,100,1,,,4179.184504189173,22758.075462192704,23064.76784611334,24986.886906153846,22184.053937686604,92993.7841521465,85.30202836775828,0.1450134482251891,0.75,0.0,0.5,337.5,0.0,225.0,135.0,135.0,135.0,10.706040567355167,,,,0,17.060405673551656,1620.0,10822.0,26748.0,1080.0,,,1080.0,,,2227.5,,,450,,
refrigerator_electricity_efficient_residential_refrigerator_electricity_baseline_residential,residential,NLIRRepl,test_utility_2,none,RENO,refrigerator_electricity_baseline_residential,refrigerator_electricity_efficient_residential,single_family,unknown,10,450,,,,,10,0,,,,0,0.75,450.0,kWh,,,,,450,450.0,450,0,100,100,100,100,100,1,,,4179.184504189173,22758.075462192704,23064.76784611334,24986.886906153846,22184.053937686604,92993.7841521465,85.30202836775828,0.1450134482251891,0.75,0.0,0.5,337.5,0.0,225.0,135.0,135.0,135.0,10.706040567355167,,,,0,17.060405673551656,972.0,10822.0,26748.0,1080.0,,,1080.0,,,1579.5,,,450,,
refrigerator_electricity_top10_residential_refrigerator_electricity_existing_residential,residential,NLIRRepl,test_utility_2,none,RET_ER,refrigerator_electricity_existing_residential,refrigerator_electricity_top10_residential,single_family_li,unknown,10,950,,,,,10,0,,,,0,0.75,950.0,kWh,,,,,950,950.0,950,0,100,100,100,100,100,1,,,4179.184504189173,22758.075462192704,23064.76784611334,24986.886906153846,22184.053937686604,92993.7841521465,85.30202836775828,0.1450134482251891,0.75,0.0,0.5,712.5,0.0,475.0,285.0,285.0,285.0,20.706040567355167,,,,0,17.060405673551656,2052.0,10822.0,26748.0,2280.0,,,2280.0,,,3334.5,,,950,,
refrigerator_electricity_top10_residential_refrigerator_electricity_existing_residential,residential,NLIRRepl,test_utility_2,none,RET_ER,refrigerator_electricity_existing_residential,refrigerator_electricity_top10_residential,multi_family,unknown,10,950,,,,,10,0,,,,0,0.75,1583.333333,kWh,,,,,950,1583.333333,950,0,100,100,100,100,100,1,,,4179.184504189173,22758.075462192704,23064.76784611334,24986.886906153846,22184.053937686604,92993.7841521465,85.30202836775828,0.1450134482251891,0.75,0.0,0.5,712.5,0.0,475.0,285.0,285.0,285.0,20.706040567355167,,,,0,17.060405673551656,3419.9999992800003,10822.0,26748.0,2280.0,,,2280.0,,,4702.49999928,,,950,,
refrigerator_electricity_top10_residential_refrigerator_electricity_existing_residential,residential,NLIRRepl,test_utility_2,none,RET_ER,refrigerator_electricity_existing_residential,refrigerator_electricity_top10_residential,multi_family_li,unknown,10,950,,,,,10,0,,,,0,0.75,1583.333333,kWh,,,,,950,1583.333333,950,0,100,100,100,100,100,1,,,4179.184504189173,22758.075462192704,23064.76784611334,24986.886906153846,22184.053937686604,92993.7841521465,85.30202836775828,0.1450134482251891,0.75,0.0,0.5,712.5,0.0,475.0,285.0,285.0,285.0,20.706040567355167,,,,0,17.060405673551656,3419.9999992800003,10822.0,26748.0,2280.0,,,2280.0,,,4702.49999928,,,950,,
refrigerator_electricity_top10_residential_refrigerator_electricity_existing_residential,residential,NLIRRepl,test_utility_2,none,RET_ER,refrigerator_electricity_existing_residential,refrigerator_electricity_top10_residential,single_family,unknown,10,950,,,,,10,0,,,,0,0.75,950.0,kWh,,,,,950,950.0,950,0,100,100,100,100,100,1,,,4179.184504189173,22758.075462192704,23064.76784611334,24986.886906153846,22184.053937686604,92993.7841521465,85.30202836775828,0.1450134482251891,0.75,0.0,0.5,712.5,0.0,475.0,285.0,285.0,285.0,20.706040567355167,,,,0,17.060405673551656,2052.0,10822.0,26748.0,2280.0,,,2280.0,,,3334.5,,,950,,
refrigerator_electricity_top10_residential_refrigerator_electricity_baseline_residential,residential,NLIRRepl,test_utility_2,none,NC,refrigerator_electricity_baseline_residential,refrigerator_electricity_top10_residential,single_family_li,unknown,10,750,,,,,10,0,,,,0,0.75,700.0,kWh,,,,,750,700.0,750,0,100,100,100,100,100,1,,,4179.184504189173,22758.075462192704,23064.76784611334,24986.886906153846,22184.053937686604,92993.7841521465,85.30202836775828,0.1450134482251891,0.75,0.0,0.5,562.5,0.0,375.0,225.0,225.0,225.0,16.706040567355167,,,,0,17.060405673551656,1512.0,10822.0,26748.0,1800.0,,,1800.0,,,2524.5,,,750,,
refrigerator_electricity_top10_residential_refrigerator_electricity_baseline_residential,residential,NLIRRepl,test_utility_2,none,NC,refrigerator_electricity_baseline_residential,refrigerator_electricity_top10_residential,multi_family,unknown,10,750,,,,,10,0,,,,0,0.75,1166.666667,kWh,,,,,750,1166.666667,750,0,100,100,100,100,100,1,,,4179.184504189173,22758.075462192704,23064.76784611334,24986.886906153846,22184.053937686604,92993.7841521465,85.30202836775828,0.1450134482251891,0.75,0.0,0.5,562.5,0.0,375.0,225.0,225.0,225.0,16.706040567355167,,,,0,17.060405673551656,2520.0000007199997,10822.0,26748.0,1800.0,,,1800.0,,,3532.5000007199997,,,750,,
refrigerator_electricity_top10_residential_refrigerator_electricity_baseline_residential,residential,NLIRRepl,test_utility_2,none,NC,refrigerator_electricity_baseline_residential,refrigerator_electricity_top10_residential,multi_family_li,unknown,10,750,,,,,10,0,,,,0,0.75,1166.666667,kWh,,,,,750,1166.666667,750,0,100,100,100,100,100,1,,,4179.184504189173,22758.075462192704,23064.76784611334,24986.886906153846,22184.053937686604,92993.7841521465,85.30202836775828,0.1450134482251891,0.75,0.0,0.5,562.5,0.0,375.0,225.0,225.0,225.0,16.706040567355167,,,,0,17.060405673551656,2520.0000007199997,10822.0,26748.0,1800.0,,,1800.0,,,3532.5000007199997,,,750,,
refrigerator_electricity_top10_residential_refrigerator_electricity_baseline_residential,residential,NLIRRepl,test_utility_2,none,NC,refrigerator_electricity_baseline_residential,refrigerator_electricity_top10_residential,single_family,unknown,10,750,,,,,10,0,,,,0,0.75,700.0,kWh,,,,,750,700.0,750,0,100,100,100,100,100,1,,,4179.184504189173,22758.075462192704,23064.76784611334,24986.886906153846,22184.053937686604,92993.7841521465,85.30202836775828,0.1450134482251891,0.75,0.0,0.5,562.5,0.0,375.0,225.0,225.0,225.0,16.706040567355167,,,,0,17.060405673551656,1512.0,10822.0,26748.0,1800.0,,,1800.0,,,2524.5,,,750,,
refrigerator_electricity_top10_residential_refrigerator_electricity_baseline_residential,residential,NLIRRepl,test_utility_2,none,ROB,refrigerator_electricity_baseline_residential,refrigerator_electricity_top10_residential,single_family_li,unknown,10,750,,,,,10,0,,,,0,0.75,700.0,kWh,,,,,750,700.0,750,0,100,100,100,100,100,1,,,4179.184504189173,22758.075462192704,23064.76784611334,24986.886906153846,22184.053937686604,92993.7841521465,85.30202836775828,0.1450134482251891,0.75,0.0,0.5,562.5,0.0,375.0,225.0,225.0,225.0,16.706040567355167,,,,0,17.060405673551656,1512.0,10822.0,26748.0,1800.0,,,1800.0,,,2524.5,,,750,,
refrigerator_electricity_top10_residential_refrigerator_electricity_baseline_residential,residential,NLIRRepl,test_utility_2,none,ROB,refrigerator_electricity_baseline_residential,refrigerator_electricity_top10_residential,multi_family,unknown,10,750,,,,,10,0,,,,0,0.75,1166.666667,kWh,,,,,750,1166.666667,750,0,100,100,100,100,100,1,,,4179.184504189173,22758.075462192704,23064.76784611334,24986.886906153846,22184.053937686604,92993.7841521465,85.30202836775828,0.1450134482251891,0.75,0.0,0.5,562.5,0.0,375.0,225.0,225.0,225.0,16.706040567355167,,,,0,17.060405673551656,2520.0000007199997,10822.0,26748.0,1800.0,,,1800.0,,,3532.5000007199997,,,750,,
refrigerator_electricity_top10_residential_refrigerator_electricity_baseline_residential,residential,NLIRRepl,test_utility_2,none,ROB,refrigerator_electricity_baseline_residential,refrigerator_electricity_top10_residential,multi_family_li,unknown,10,750,,,,,10,0,,,,0,0.75,1166.666667,kWh,,,,,750,1166.666667,750,0,100,100,100,100,100,1,,,4179.184504189173,22758.075462192704,23064.76784611334,24986.886906153846,22184.053937686604,92993.7841521465,85.30202836775828,0.1450134482251891,0.75,0.0,0.5,562.5,0.0,375.0,225.0,225.0,225.0,16.706040567355167,,,,0,17.060405673551656,2520.0000007199997,10822.0,26748.0,1800.0,,,1800.0,,,3532.5000007199997,,,750,,
refrigerator_electricity_top10_residential_refrigerator_electricity_baseline_residential,residential,NLIRRepl,test_utility_2,none,ROB,refrigerator_electricity_baseline_residential,refrigerator_electricity_top10_residential,single_family,unknown,10,750,,,,,10,0,,,,0,0.75,700.0,kWh,,,,,750,700.0,750,0,100,100,100,100,100,1,,,4179.184504189173,22758.075462192704,23064.76784611334,24986.886906153846,22184.053937686604,92993.7841521465,85.30202836775828,0.1450134482251891,0.75,0.0,0.5,562.5,0.0,375.0,225.0,225.0,225.0,16.706040567355167,,,,0,17.060405673551656,1512.0,10822.0,26748.0,1800.0,,,1800.0,,,2524.5,,,750,,
refrigerator_electricity_top10_residential_refrigerator_electricity_baseline_residential,residential,NLIRRepl,test_utility_2,none,RENO,refrigerator_electricity_baseline_residential,refrigerator_electricity_top10_residential,single_family_li,unknown,10,750,,,,,10,0,,,,0,0.75,700.0,kWh,,,,,750,700.0,750,0,100,100,100,100,100,1,,,4179.184504189173,22758.075462192704,23064.76784611334,24986.886906153846,22184.053937686604,92993.7841521465,85.30202836775828,0.1450134482251891,0.75,0.0,0.5,562.5,0.0,375.0,225.0,225.0,225.0,16.706040567355167,,,,0,17.060405673551656,1512.0,10822.0,26748.0,1800.0,,,1800.0,,,2524.5,,,750,,
refrigerator_electricity_top10_residential_refrigerator_electricity_baseline_residential,residential,NLIRRepl,test_utility_2,none,RENO,refrigerator_electricity_baseline_residential,refrigerator_electricity_top10_residential,multi_family,unknown,10,750,,,,,10,0,,,,0,0.75,1166.666667,kWh,,,,,750,1166.666667,750,0,100,100,100,100,100,1,,,4179.184504189173,22758.075462192704,23064.76784611334,24986.886906153846,22184.053937686604,92993.7841521465,85.30202836775828,0.1450134482251891,0.75,0.0,0.5,562.5,0.0,375.0,225.0,225.0,225.0,16.706040567355167,,,,0,17.060405673551656,2520.0000007199997,10822.0,26748.0,1800.0,,,1800.0,,,3532.5000007199997,,,750,,
refrigerator_electricity_top10_residential_refrigerator_electricity_baseline_residential,residential,NLIRRepl,test_utility_2,none,RENO,refrigerator_electricity_baseline_residential,refrigerator_electricity_top10_residential,multi_family_li,unknown,10,750,,,,,10,0,,,,0,0.75,1166.666667,kWh,,,,,750,1166.666667,750,0,100,100,100,100,100,1,,,4179.184504189173,22758.075462192704,23064.76784611334,24986.886906153846,22184.053937686604,92993.7841521465,85.30202836775828,0.1450134482251891,0.75,0.0,0.5,562.5,0.0,375.0,225.0,225.0,225.0,16.706040567355167,,,,0,17.060405673551656,2520.0000007199997,10822.0,26748.0,1800.0,,,1800.0,,,3532.5000007199997,,,750,,
refrigerator_electricity_top10_residential_refrigerator_electricity_baseline_residential,residential,NLIRRepl,test_utility_2,none,RENO,refrigerator_electricity_baseline_residential,refrigerator_electricity_top10_residential,single_family,unknown,10,750,,,,,10,0,,,,0,0.75,700.0,kWh,,,,,750,700.0,750,0,100,100,100,100,100,1,,,4179.184504189173,22758.075462192704,23064.76784611334,24986.886906153846,22184.053937686604,92993.7841521465,85.30202836775828,0.1450134482251891,0.75,0.0,0.5,562.5,0.0,375.0,225.0,225.0,225.0,16.706040567355167,,,,0,17.060405673551656,1512.0,10822.0,26748.0,1800.0,,,1800.0,,,2524.5,,,750,,
insulation_natural_gas_efficient_residential_whole_home_natural_gas_baseline_residential,residential,NLIRRepl,test_utility_2,none,NC,whole_home_natural_gas_baseline_residential,insulation_natural_gas_efficient_residential,single_family,unknown,30,77,,,,,10,0,,,,0,0.75,0.0,kWh,234.0,kWh,0.0,kWh,77,0.0,77,0,100,100,100,100,100,1,,,9568.284110604924,55912.02669534272,58322.778073030924,60476.40817801612,48944.65402227069,223655.86696866044,196.0044134946977,0.33320750294098606,0.75,0.0,0.5,57.75,0.0,38.5,23.099999999999998,23.099999999999998,23.099999999999998,5.460088269893954,,,,0,39.20088269893954,0.0,35054.0,87045.0,184.79999999999998,,,184.79999999999998,,,103.94999999999999,,,77,,
insulation_natural_gas_efficient_residential_whole_home_natural_gas_baseline_residential,residential,NLIRRepl,test_utility_2,none,ROB,whole_home_natural_gas_baseline_residential,insulation_natural_gas_efficient_residential,single_family,unknown,30,77,,,,,10,0,,,,0,0.75,0.0,kWh,234.0,kWh,0.0,kWh,77,0.0,77,0,100,100,100,100,100,1,,,9568.284110604924,55912.02669534272,58322.778073030924,60476.40817801612,48944.65402227069,223655.86696866044,196.0044134946977,0.33320750294098606,0.75,0.0,0.5,57.75,0.0,38.5,23.099999999999998,23.099999999999998,23.099999999999998,5.460088269893954,,,,0,39.20088269893954,0.0,35054.0,87045.0,184.79999999999998,,,184.79999999999998,,,103.94999999999999,,,77,,
insulation_natural_gas_efficient_residential_whole_home_natural_gas_baseline_residential,residential,NLIRRepl,test_utility_2,none,RENO,whole_home_natural_gas_baseline_residential,insulation_natural_gas_efficient_residential,single_family,unknown,30,77,,,,,10,0,,,,0,0.75,0.0,kWh,234.0,kWh,0.0,kWh,77,0.0,77,0,100,100,100,100,100,1,,,9568.284110604924,55912.02669534272,58322.778073030924,60476.40817801612,48944.65402227069,223655.86696866044,196.0044134946977,0.33320750294098606,0.75,0.0,0.5,57.75,0.0,38.5,23.099999999999998,23.099999999999998,23.099999999999998,5.460088269893954,,,,0,39.20088269893954,0.0,35054.0,87045.0,184.79999999999998,,,184.79999999999998,,,103.94999999999999,,,77,,
HERS_electricity_efficient_residential_whole_home_natural_gas_baseline_residential,residential,NLIRRepl,test_utility_2,none,NC,whole_home_natural_gas_baseline_residential,HERS_electricity_efficient_residential,single_family,unknown,30,-2050,,,,,10,0,,,,0,0.75,100.0,kWh,0.0,kWh,0.0,kWh,-2050,100.0,-2050,0,100,100,100,100,100,1,,,9568.284110604924,55912.02669534272,58322.778073030924,60476.40817801612,48944.65402227069,223655.86696866044,196.0044134946977,0.33320750294098606,0.75,0.0,0.5,-1537.5,-0.0,-1025.0,-615.0,-615.0,-615.0,-37.07991173010605,,,,0,39.20088269893954,705.0,35054.0,87045.0,-4920.0,,,-4920.0,,,-2062.5,,,-2050,,
HERS_electricity_efficient_residential_whole_home_natural_gas_baseline_residential,residential,NLIRRepl,test_utility_2,none,ROB,whole_home_natural_gas_baseline_residential,HERS_electricity_efficient_residential,single_family,unknown,30,-2050,,,,,10,0,,,,0,0.75,100.0,kWh,0.0,kWh,0.0,kWh,-2050,100.0,-2050,0,100,100,100,100,100,1,,,9568.284110604924,55912.02669534272,58322.778073030924,60476.40817801612,48944.65402227069,223655.86696866044,196.0044134946977,0.33320750294098606,0.75,0.0,0.5,-1537.5,-0.0,-1025.0,-615.0,-615.0,-615.0,-37.07991173010605,,,,0,39.20088269893954,705.0,35054.0,87045.0,-4920.0,,,-4920.0,,,-2062.5,,,-2050,,
HERS_electricity_efficient_residential_whole_home_natural_gas_baseline_residential,residential,NLIRRepl,test_utility_2,none,RENO,whole_home_natural_gas_baseline_residential,HERS_electricity_efficient_residential,single_family,unknown,30,-2050,,,,,10,0,,,,0,0.75,100.0,kWh,0.0,kWh,0.0,kWh,-2050,100.0,-2050,0,100,100,100,100,100,1,,,9568.284110604924,55912.02669534272,58322.778073030924,60476.40817801612,48944.65402227069,223655.86696866044,196.0044134946977,0.33320750294098606,0.75,0.0,0.5,-1537.5,-0.0,-1025.0,-615.0,-615.0,-615.0,-37.07991173010605,,,,0,39.20088269893954,705.0,35054.0,87045.0,-4920.0,,,-4920.0,,,-2062.5,,,-2050,,
refrigerator_electricity_efficient_residential_refrigerator_electricity_existing_residential,residential,NLIRRepl,none,test_utility_3,RET_ER,refrigerator_electricity_existing_residential,refrigerator_electricity_efficient_residential,single_family_li,unknown,10,650,,,,,10,0,,,,0,0.75,700.0,kWh,,,,,650,700.0,650,0,100,100,100,100,100,1,,,4179.184504189173,22758.075462192704,23064.76784611334,24986.886906153846,22184.053937686604,92993.7841521465,85.30202836775828,0.1450134482251891,0.0,0.5,0.5,0.0,325.0,325.0,195.0,195.0,195.0,14.706040567355167,,,,0,17.060405673551656,1512.0,10822.0,26748.0,1560.0,,,1560.0,,,2227.0,,,650,,
refrigerator_electricity_efficient_residential_refrigerator_electricity_existing_residential,residential,NLIRRepl,none,test_utility_3,RET_ER,refrigerator_electricity_existing_residential,refrigerator_electricity_efficient_residential,multi_family,unknown,10,650,,,,,10,0,,,,0,0.75,1166.666667,kWh,,,,,650,1166.666667,650,0,100,100,100,100,100,1,,,4179.184504189173,22758.075462192704,23064.76784611334,24986.886906153846,22184.053937686604,92993.7841521465,85.30202836775828,0.1450134482251891,0.0,0.5,0.5,0.0,325.0,325.0,195.0,195.0,195.0,14.706040567355167,,,,0,17.060405673551656,2520.0000007199997,10822.0,26748.0,1560.0,,,1560.0,,,3235.0000007199997,,,650,,
refrigerator_electricity_efficient_residential_refrigerator_electricity_existing_residential,residential,NLIRRepl,none,test_utility_3,RET_ER,refrigerator_electricity_existing_residential,refrigerator_electricity_efficient_residential,multi_family_li,unknown,10,650,,,,,10,0,,,,0,0.75,1166.666667,kWh,,,,,650,1166.666667,650,0,100,100,100,100,100,1,,,4179.184504189173,22758.075462192704,23064.76784611334,24986.886906153846,22184.053937686604,92993.7841521465,85.30202836775828,0.1450134482251891,0.0,0.5,0.5,0.0,325.0,325.0,195.0,195.0,195.0,14.706040567355167,,,,0,17.060405673551656,2520.0000007199997,10822.0,26748.0,1560.0,,,1560.0,,,3235.0000007199997,,,650,,
refrigerator_electricity_efficient_residential_refrigerator_electricity_existing_residential,residential,NLIRRepl,none,test_utility_3,RET_ER,refrigerator_electricity_existing_residential,refrigerator_electricity_efficient_residential,single_family,unknown,10,650,,,,,10,0,,,,0,0.75,700.0,kWh,,,,,650,700.0,650,0,100,100,100,100,100,1,,,4179.184504189173,22758.075462192704,23064.76784611334,24986.886906153846,22184.053937686604,92993.7841521465,85.30202836775828,0.1450134482251891,0.0,0.5,0.5,0.0,325.0,325.0,195.0,195.0,195.0,14.706040567355167,,,,0,17.060405673551656,1512.0,10822.0,26748.0,1560.0,,,1560.0,,,2227.0,,,650,,
refrigerator_electricity_efficient_residential_refrigerator_electricity_baseline_residential,residential,NLIRRepl,none,test_utility_3,NC,refrigerator_electricity_baseline_residential,refrigerator_electricity_efficient_residential,single_family_li,unknown,10,450,,,,,10,0,,,,0,0.75,450.0,kWh,,,,,450,450.0,450,0,100,100,100,100,100,1,,,4179.184504189173,22758.075462192704,23064.76784611334,24986.886906153846,22184.053937686604,92993.7841521465,85.30202836775828,0.1450134482251891,0.0,0.5,0.5,0.0,225.0,225.0,135.0,135.0,135.0,10.706040567355167,,,,0,17.060405673551656,972.0,10822.0,26748.0,1080.0,,,1080.0,,,1467.0,,,450,,
refrigerator_electricity_efficient_residential_refrigerator_electricity_baseline_residential,residential,NLIRRepl,none,test_utility_3,NC,refrigerator_electricity_baseline_residential,refrigerator_electricity_efficient_residential,multi_family,unknown,10,450,,,,,10,0,,,,0,0.75,750.0,kWh,,,,,450,750.0,450,0,100,100,100,100,100,1,,,4179.184504189173,22758.075462192704,23064.76784611334,24986.886906153846,22184.053937686604,92993.7841521465,85.30202836775828,0.1450134482251891,0.0,0.5,0.5,0.0,225.0,225.0,135.0,135.0,135.0,10.706040567355167,,,,0,17.060405673551656,1620.0,10822.0,26748.0,1080.0,,,1080.0,,,2115.0,,,450,,
refrigerator_electricity_efficient_residential_refrigerator_electricity_baseline_residential,residential,NLIRRepl,none,test_utility_3,NC,refrigerator_electricity_baseline_residential,refrigerator_electricity_efficient_residential,multi_family_li,unknown,10,450,,,,,10,0,,,,0,0.75,750.0,kWh,,,,,450,750.0,450,0,100,100,100,100,100,1,,,4179.184504189173,22758.075462192704,23064.76784611334,24986.886906153846,22184.053937686604,92993.7841521465,85.30202836775828,0.1450134482251891,0.0,0.5,0.5,0.0,225.0,225.0,135.0,135.0,135.0,10.706040567355167,,,,0,17.060405673551656,1620.0,10822.0,26748.0,1080.0,,,1080.0,,,2115.0,,,450,,
refrigerator_electricity_efficient_residential_refrigerator_electricity_baseline_residential,residential,NLIRRepl,none,test_utility_3,NC,refrigerator_electricity_baseline_residential,refrigerator_electricity_efficient_residential,single_family,unknown,10,450,,,,,10,0,,,,0,0.75,450.0,kWh,,,,,450,450.0,450,0,100,100,100,100,100,1,,,4179.184504189173,22758.075462192704,23064.76784611334,24986.886906153846,22184.053937686604,92993.7841521465,85.30202836775828,0.1450134482251891,0.0,0.5,0.5,0.0,225.0,225.0,135.0,135.0,135.0,10.706040567355167,,,,0,17.060405673551656,972.0,10822.0,26748.0,1080.0,,,1080.0,,,1467.0,,,450,,
refrigerator_electricity_efficient_residential_refrigerator_electricity_baseline_residential,residential,NLIRRepl,none,test_utility_3,ROB,refrigerator_electricity_baseline_residential,refrigerator_electricity_efficient_residential,single_family_li,unknown,10,450,,,,,10,0,,,,0,0.75,450.0,kWh,,,,,450,450.0,450,0,100,100,100,100,100,1,,,4179.184504189173,22758.075462192704,23064.76784611334,24986.886906153846,22184.053937686604,92993.7841521465,85.30202836775828,0.1450134482251891,0.0,0.5,0.5,0.0,225.0,225.0,135.0,135.0,135.0,10.706040567355167,,,,0,17.060405673551656,972.0,10822.0,26748.0,1080.0,,,1080.0,,,1467.0,,,450,,
refrigerator_electricity_efficient_residential_refrigerator_electricity_baseline_residential,residential,NLIRRepl,none,test_utility_3,ROB,refrigerator_electricity_baseline_residential,refrigerator_electricity_efficient_residential,multi_family,unknown,10,450,,,,,10,0,,,,0,0.75,750.0,kWh,,,,,450,750.0,450,0,100,100,100,100,100,1,,,4179.184504189173,22758.075462192704,23064.76784611334,24986.886906153846,22184.053937686604,92993.7841521465,85.30202836775828,0.1450134482251891,0.0,0.5,0.5,0.0,225.0,225.0,135.0,135.0,135.0,10.706040567355167,,,,0,17.060405673551656,1620.0,10822.0,26748.0,1080.0,,,1080.0,,,2115.0,,,450,,
refrigerator_electricity_efficient_residential_refrigerator_electricity_baseline_residential,residential,NLIRRepl,none,test_utility_3,ROB,refrigerator_electricity_baseline_residential,refrigerator_electricity_efficient_residential,multi_family_li,unknown,10,450,,,,,10,0,,,,0,0.75,750.0,kWh,,,,,450,750.0,450,0,100,100,100,100,100,1,,,4179.184504189173,22758.075462192704,23064.76784611334,24986.886906153846,22184.053937686604,92993.7841521465,85.30202836775828,0.1450134482251891,0.0,0.5,0.5,0.0,225.0,225.0,135.0,135.0,135.0,10.706040567355167,,,,0,17.060405673551656,1620.0,10822.0,26748.0,1080.0,,,1080.0,,,2115.0,,,450,,
refrigerator_electricity_efficient_residential_refrigerator_electricity_baseline_residential,residential,NLIRRepl,none,test_utility_3,ROB,refrigerator_electricity_baseline_residential,refrigerator_electricity_efficient_residential,single_family,unknown,10,450,,,,,10,0,,,,0,0.75,450.0,kWh,,,,,450,450.0,450,0,100,100,100,100,100,1,,,4179.184504189173,22758.075462192704,23064.76784611334,24986.886906153846,22184.053937686604,92993.7841521465,85.30202836775828,0.1450134482251891,0.0,0.5,0.5,0.0,225.0,225.0,135.0,135.0,135.0,10.706040567355167,,,,0,17.060405673551656,972.0,10822.0,26748.0,1080.0,,,1080.0,,,1467.0,,,450,,
refrigerator_electricity_efficient_residential_refrigerator_electricity_baseline_residential,residential,NLIRRepl,none,test_utility_3,RENO,refrigerator_electricity_baseline_residential,refrigerator_electricity_efficient_residential,single_family_li,unknown,10,450,,,,,10,0,,,,0,0.75,450.0,kWh,,,,,450,450.0,450,0,100,100,100,100,100,1,,,4179.184504189173,22758.075462192704,23064.76784611334,24986.886906153846,22184.053937686604,92993.7841521465,85.30202836775828,0.1450134482251891,0.0,0.5,0.5,0.0,225.0,225.0,135.0,135.0,135.0,10.706040567355167,,,,0,17.060405673551656,972.0,10822.0,26748.0,1080.0,,,1080.0,,,1467.0,,,450,,
refrigerator_electricity_efficient_residential_refrigerator_electricity_baseline_residential,residential,NLIRRepl,none,test_utility_3,RENO,refrigerator_electricity_baseline_residential,refrigerator_electricity_efficient_residential,multi_family,unknown,10,450,,,,,10,0,,,,0,0.75,750.0,kWh,,,,,450,750.0,450,0,100,100,100,100,100,1,,,4179.184504189173,22758.075462192704,23064.76784611334,24986.886906153846,22184.053937686604,92993.7841521465,85.30202836775828,0.1450134482251891,0.0,0.5,0.5,0.0,225.0,225.0,135.0,135.0,135.0,10.706040567355167,,,,0,17.060405673551656,1620.0,10822.0,26748.0,1080.0,,,1080.0,,,2115.0,,,450,,
refrigerator_electricity_efficient_residential_refrigerator_electricity_baseline_residential,residential,NLIRRepl,none,test_utility_3,RENO,refrigerator_electricity_baseline_residential,refrigerator_electricity_efficient_residential,multi_family_li,unknown,10,450,,,,,10,0,,,,0,0.75,750.0,kWh,,,,,450,750.0,450,0,100,100,100,100,100,1,,,4179.184504189173,22758.075462192704,23064.76784611334,24986.886906153846,22184.053937686604,92993.7841521465,85.30202836775828,0.1450134482251891,0.0,0.5,0.5,0.0,225.0,225.0,135.0,135.0,135.0,10.706040567355167,,,,0,17.060405673551656,1620.0,10822.0,26748.0,1080.0,,,1080.0,,,2115.0,,,450,,
refrigerator_electricity_efficient_residential_refrigerator_electricity_baseline_residential,residential,NLIRRepl,none,test_utility_3,RENO,refrigerator_electricity_baseline_residential,refrigerator_electricity_efficient_residential,single_family,unknown,10,450,,,,,10,0,,,,0,0.75,450.0,kWh,,,,,450,450.0,450,0,100,100,100,100,100,1,,,4179.184504189173,22758.075462192704,23064.76784611334,24986.886906153846,22184.053937686604,92993.7841521465,85.30202836775828,0.1450134482251891,0.0,0.5,0.5,0.0,225.0,225.0,135.0,135.0,135.0,10.706040567355167,,,,0,17.060405673551656,972.0,10822.0,26748.0,1080.0,,,1080.0,,,1467.0,,,450,,
refrigerator_electricity_top10_residential_refrigerator_electricity_existing_residential,residential,NLIRRepl,none,test_utility_3,RET_ER,refrigerator_electricity_existing_residential,refrigerator_electricity_top10_residential,single_family_li,unknown,10,950,,,,,10,0,,,,0,0.75,950.0,kWh,,,,,950,950.0,950,0,100,100,100,100,100,1,,,4179.184504189173,22758.075462192704,23064.76784611334,24986.886906153846,22184.053937686604,92993.7841521465,85.30202836775828,0.1450134482251891,0.0,0.5,0.5,0.0,475.0,475.0,285.0,285.0,285.0,20.706040567355167,,,,0,17.060405673551656,2052.0,10822.0,26748.0,2280.0,,,2280.0,,,3097.0,,,950,,
refrigerator_electricity_top10_residential_refrigerator_electricity_existing_residential,residential,NLIRRepl,none,test_utility_3,RET_ER,refrigerator_electricity_existing_residential,refrigerator_electricity_top10_residential,multi_family,unknown,10,950,,,,,10,0,,,,0,0.75,1583.333333,kWh,,,,,950,1583.333333,950,0,100,100,100,100,100,1,,,4179.184504189173,22758.075462192704,23064.76784611334,24986.886906153846,22184.053937686604,92993.7841521465,85.30202836775828,0.1450134482251891,0.0,0.5,0.5,0.0,475.0,475.0,285.0,285.0,285.0,20.706040567355167,,,,0,17.060405673551656,3419.9999992800003,10822.0,26748.0,2280.0,,,2280.0,,,4464.99999928,,,950,,
refrigerator_electricity_top10_residential_refrigerator_electricity_existing_residential,residential,NLIRRepl,none,test_utility_3,RET_ER,refrigerator_electricity_existing_residential,refrigerator_electricity_top10_residential,multi_family_li,unknown,10,950,,,,,10,0,,,,0,0.75,1583.333333,kWh,,,,,950,1583.333333,950,0,100,100,100,100,100,1,,,4179.184504189173,22758.075462192704,23064.76784611334,24986.886906153846,22184.053937686604,92993.7841521465,85.30202836775828,0.1450134482251891,0.0,0.5,0.5,0.0,475.0,475.0,285.0,285.0,285.0,20.706040567355167,,,,0,17.060405673551656,3419.9999992800003,10822.0,26748.0,2280.0,,,2280.0,,,4464.99999928,,,950,,
refrigerator_electricity_top10_residential_refrigerator_electricity_existing_residential,residential,NLIRRepl,none,test_utility_3,RET_ER,refrigerator_electricity_existing_residential,refrigerator_electricity_top10_residential,single_family,unknown,10,950,,,,,10,0,,,,0,0.75,950.0,kWh,,,,,950,950.0,950,0,100,100,100,100,100,1,,,4179.184504189173,22758.075462192704,23064.76784611334,24986.886906153846,22184.053937686604,92993.7841521465,85.30202836775828,0.1450134482251891,0.0,0.5,0.5,0.0,475.0,475.0,285.0,285.0,285.0,20.706040567355167,,,,0,17.060405673551656,2052.0,10822.0,26748.0,2280.0,,,2280.0,,,3097.0,,,950,,
refrigerator_electricity_top10_residential_refrigerator_electricity_baseline_residential,residential,NLIRRepl,none,test_utility_3,NC,refrigerator_electricity_baseline_residential,refrigerator_electricity_top10_residential,single_family_li,unknown,10,750,,,,,10,0,,,,0,0.75,700.0,kWh,,,,,750,700.0,750,0,100,100,100,100,100,1,,,4179.184504189173,22758.075462192704,23064.76784611334,24986.886906153846,22184.053937686604,92993.7841521465,85.30202836775828,0.1450134482251891,0.0,0.5,0.5,0.0,375.0,375.0,225.0,225.0,225.0,16.706040567355167,,,,0,17.060405673551656,1512.0,10822.0,26748.0,1800.0,,,1800.0,,,2337.0,,,750,,
refrigerator_electricity_top10_residential_refrigerator_electricity_baseline_residential,residential,NLIRRepl,none,test_utility_3,NC,refrigerator_electricity_baseline_residential,refrigerator_electricity_top10_residential,multi_family,unknown,10,750,,,,,10,0,,,,0,0.75,1166.666667,kWh,,,,,750,1166.666667,750,0,100,100,100,100,100,1,,,4179.184504189173,22758.075462192704,23064.76784611334,24986.886906153846,22184.053937686604,92993.7841521465,85.30202836775828,0.1450134482251891,0.0,0.5,0.5,0.0,375.0,375.0,225.0,225.0,225.0,16.706040567355167,,,,0,17.060405673551656,2520.0000007199997,10822.0,26748.0,1800.0,,,1800.0,,,3345.0000007199997,,,750,,
refrigerator_electricity_top10_residential_refrigerator_electricity_baseline_residential,residential,NLIRRepl,none,test_utility_3,NC,refrigerator_electricity_baseline_residential,refrigerator_electricity_top10_residential,multi_family_li,unknown,10,750,,,,,10,0,,,,0,0.75,1166.666667,kWh,,,,,750,1166.666667,750,0,100,100,100,100,100,1,,,4179.184504189173,22758.075462192704,23064.76784611334,24986.886906153846,22184.053937686604,92993.7841521465,85.30202836775828,0.1450134482251891,0.0,0.5,0.5,0.0,375.0,375.0,225.0,225.0,225.0,16.706040567355167,,,,0,17.060405673551656,2520.0000007199997,10822.0,26748.0,1800.0,,,1800.0,,,3345.0000007199997,,,750,,
refrigerator_electricity_top10_residential_refrigerator_electricity_baseline_residential,residential,NLIRRepl,none,test_utility_3,NC,refrigerator_electricity_baseline_residential,refrigerator_electricity_top10_residential,single_family,unknown,10,750,,,,,10,0,,,,0,0.75,700.0,kWh,,,,,750,700.0,750,0,100,100,100,100,100,1,,,4179.184504189173,22758.075462192704,23064.76784611334,24986.886906153846,22184.053937686604,92993.7841521465,85.30202836775828,0.1450134482251891,0.0,0.5,0.5,0.0,375.0,375.0,225.0,225.0,225.0,16.706040567355167,,,,0,17.060405673551656,1512.0,10822.0,26748.0,1800.0,,,1800.0,,,2337.0,,,750,,
refrigerator_electricity_top10_residential_refrigerator_electricity_baseline_residential,residential,NLIRRepl,none,test_utility_3,ROB,refrigerator_electricity_baseline_residential,refrigerator_electricity_top10_residential,single_family_li,unknown,10,750,,,,,10,0,,,,0,0.75,700.0,kWh,,,,,750,700.0,750,0,100,100,100,100,100,1,,,4179.184504189173,22758.075462192704,23064.76784611334,24986.886906153846,22184.053937686604,92993.7841521465,85.30202836775828,0.1450134482251891,0.0,0.5,0.5,0.0,375.0,375.0,225.0,225.0,225.0,16.706040567355167,,,,0,17.060405673551656,1512.0,10822.0,26748.0,1800.0,,,1800.0,,,2337.0,,,750,,
refrigerator_electricity_top10_residential_refrigerator_electricity_baseline_residential,residential,NLIRRepl,none,test_utility_3,ROB,refrigerator_electricity_baseline_residential,refrigerator_electricity_top10_residential,multi_family,unknown,10,750,,,,,10,0,,,,0,0.75,1166.666667,kWh,,,,,750,1166.666667,750,0,100,100,100,100,100,1,,,4179.184504189173,22758.075462192704,23064.76784611334,24986.886906153846,22184.053937686604,92993.7841521465,85.30202836775828,0.1450134482251891,0.0,0.5,0.5,0.0,375.0,375.0,225.0,225.0,225.0,16.706040567355167,,,,0,17.060405673551656,2520.0000007199997,10822.0,26748.0,1800.0,,,1800.0,,,3345.0000007199997,,,750,,
refrigerator_electricity_top10_residential_refrigerator_electricity_baseline_residential,residential,NLIRRepl,none,test_utility_3,ROB,refrigerator_electricity_baseline_residential,refrigerator_electricity_top10_residential,multi_family_li,unknown,10,750,,,,,10,0,,,,0,0.75,1166.666667,kWh,,,,,750,1166.666667,750,0,100,100,100,100,100,1,,,4179.184504189173,22758.075462192704,23064.76784611334,24986.886906153846,22184.053937686604,92993.7841521465,85.30202836775828,0.1450134482251891,0.0,0.5,0.5,0.0,375.0,375.0,225.0,225.0,225.0,16.706040567355167,,,,0,17.060405673551656,2520.0000007199997,10822.0,26748.0,1800.0,,,1800.0,,,3345.0000007199997,,,750,,
refrigerator_electricity_top10_residential_refrigerator_electricity_baseline_residential,residential,NLIRRepl,none,test_utility_3,ROB,refrigerator_electricity_baseline_residential,refrigerator_electricity_top10_residential,single_family,unknown,10,750,,,,,10,0,,,,0,0.75,700.0,kWh,,,,,750,700.0,750,0,100,100,100,100,100,1,,,4179.184504189173,22758.075462192704,23064.76784611334,24986.886906153846,22184.053937686604,92993.7841521465,85.30202836775828,0.1450134482251891,0.0,0.5,0.5,0.0,375.0,375.0,225.0,225.0,225.0,16.706040567355167,,,,0,17.060405673551656,1512.0,10822.0,26748.0,1800.0,,,1800.0,,,2337.0,,,750,,
refrigerator_electricity_top10_residential_refrigerator_electricity_baseline_residential,residential,NLIRRepl,none,test_utility_3,RENO,refrigerator_electricity_baseline_residential,refrigerator_electricity_top10_residential,single_family_li,unknown,10,750,,,,,10,0,,,,0,0.75,700.0,kWh,,,,,750,700.0,750,0,100,100,100,100,100,1,,,4179.184504189173,22758.075462192704,23064.76784611334,24986.886906153846,22184.053937686604,92993.7841521465,85.30202836775828,0.1450134482251891,0.0,0.5,0.5,0.0,375.0,375.0,225.0,225.0,225.0,16.706040567355167,,,,0,17.060405673551656,1512.0,10822.0,26748.0,1800.0,,,1800.0,,,2337.0,,,750,,
refrigerator_electricity_top10_residential_refrigerator_electricity_baseline_residential,residential,NLIRRepl,none,test_utility_3,RENO,refrigerator_electricity_baseline_residential,refrigerator_electricity_top10_residential,multi_family,unknown,10,750,,,,,10,0,,,,0,0.75,1166.666667,kWh,,,,,750,1166.666667,750,0,100,100,100,100,100,1,,,4179.184504189173,22758.075462192704,23064.76784611334,24986.886906153846,22184.053937686604,92993.7841521465,85.30202836775828,0.1450134482251891,0.0,0.5,0.5,0.0,375.0,375.0,225.0,225.0,225.0,16.706040567355167,,,,0,17.060405673551656,2520.0000007199997,10822.0,26748.0,1800.0,,,1800.0,,,3345.0000007199997,,,750,,
refrigerator_electricity_top10_residential_refrigerator_electricity_baseline_residential,residential,NLIRRepl,none,test_utility_3,RENO,refrigerator_electricity_baseline_residential,refrigerator_electricity_top10_residential,multi_family_li,unknown,10,750,,,,,10,0,,,,0,0.75,1166.666667,kWh,,,,,750,1166.666667,750,0,100,100,100,100,100,1,,,4179.184504189173,22758.075462192704,23064.76784611334,24986.886906153846,22184.053937686604,92993.7841521465,85.30202836775828,0.1450134482251891,0.0,0.5,0.5,0.0,375.0,375.0,225.0,225.0,225.0,16.706040567355167,,,,0,17.060405673551656,2520.0000007199997,10822.0,26748.0,1800.0,,,1800.0,,,3345.0000007199997,,,750,,
refrigerator_electricity_top10_residential_refrigerator_electricity_baseline_residential,residential,NLIRRepl,none,test_utility_3,RENO,refrigerator_electricity_baseline_residential,refrigerator_electricity_top10_residential,single_family,unknown,10,750,,,,,10,0,,,,0,0.75,700.0,kWh,,,,,750,700.0,750,0,100,100,100,100,100,1,,,4179.184504189173,22758.075462192704,23064.76784611334,24986.886906153846,22184.053937686604,92993.7841521465,85.30202836775828,0.1450134482251891,0.0,0.5,0.5,0.0,375.0,375.0,225.0,225.0,225.0,16.706040567355167,,,,0,17.060405673551656,1512.0,10822.0,26748.0,1800.0,,,1800.0,,,2337.0,,,750,,
insulation_natural_gas_efficient_residential_whole_home_natural_gas_baseline_residential,residential,NLIRRepl,none,test_utility_3,NC,whole_home_natural_gas_baseline_residential,insulation_natural_gas_efficient_residential,single_family,unknown,30,77,,,,,10,0,,,,0,0.75,0.0,kWh,234.0,kWh,0.0,kWh,77,0.0,77,0,100,100,100,100,100,1,,,9568.284110604924,55912.02669534272,58322.778073030924,60476.40817801612,48944.65402227069,223655.86696866044,196.0044134946977,0.33320750294098606,0.0,0.5,0.5,0.0,38.5,38.5,23.099999999999998,23.099999999999998,23.099999999999998,5.460088269893954,,,,0,39.20088269893954,0.0,35054.0,87045.0,184.79999999999998,,,184.79999999999998,,,84.69999999999999,,,77,,
insulation_natural_gas_efficient_residential_whole_home_natural_gas_baseline_residential,residential,NLIRRepl,none,test_utility_3,ROB,whole_home_natural_gas_baseline_residential,insulation_natural_gas_efficient_residential,single_family,unknown,30,77,,,,,10,0,,,,0,0.75,0.0,kWh,234.0,kWh,0.0,kWh,77,0.0,77,0,100,100,100,100,100,1,,,9568.284110604924,55912.02669534272,58322.778073030924,60476.40817801612,48944.65402227069,223655.86696866044,196.0044134946977,0.33320750294098606,0.0,0.5,0.5,0.0,38.5,38.5,23.099999999999998,23.099999999999998,23.099999999999998,5.460088269893954,,,,0,39.20088269893954,0.0,35054.0,87045.0,184.79999999999998,,,184.79999999999998,,,84.69999999999999,,,77,,
insulation_natural_gas_efficient_residential_whole_home_natural_gas_baseline_residential,residential,NLIRRepl,none,test_utility_3,RENO,whole_home_natural_gas_baseline_residential,insulation_natural_gas_efficient_residential,single_family,unknown,30,77,,,,,10,0,,,,0,0.75,0.0,kWh,234.0,kWh,0.0,kWh,77,0.0,77,0,100,100,100,100,100,1,,,9568.284110604924,55912.02669534272,58322.778073030924,60476.40817801612,48944.65402227069,223655.86696866044,196.0044134946977,0.33320750294098606,0.0,0.5,0.5,0.0,38.5,38.5,23.099999999999998,23.099999999999998,23.099999999999998,5.460088269893954,,,,0,39.20088269893954,0.0,35054.0,87045.0,184.79999999999998,,,184.79999999999998,,,84.69999999999999,,,77,,
HERS_electricity_efficient_residential_whole_home_natural_gas_baseline_residential,residential,NLIRRepl,none,test_utility_3,NC,whole_home_natural_gas_baseline_residential,HERS_electricity_efficient_residential,single_family,unknown,30,-2050,,,,,10,0,,,,0,0.75,100.0,kWh,0.0,kWh,0.0,kWh,-2050,100.0,-2050,0,100,100,100,100,100,1,,,9568.284110604924,55912.02669534272,58322.778073030924,60476.40817801612,48944.65402227069,223655.86696866044,196.0044134946977,0.33320750294098606,0.0,0.5,0.5,-0.0,-1025.0,-1025.0,-615.0,-615.0,-615.0,-37.07991173010605,,,,0,39.20088269893954,705.0,35054.0,87045.0,-4920.0,,,-4920.0,,,-1550.0,,,-2050,,
HERS_electricity_efficient_residential_whole_home_natural_gas_baseline_residential,residential,NLIRRepl,none,test_utility_3,ROB,whole_home_natural_gas_baseline_residential,HERS_electricity_efficient_residential,single_family,unknown,30,-2050,,,,,10,0,,,,0,0.75,100.0,kWh,0.0,kWh,0.0,kWh,-2050,100.0,-2050,0,100,100,100,100,100,1,,,9568.284110604924,55912.02669534272,58322.778073030924,60476.40817801612,48944.65402227069,223655.86696866044,196.0044134946977,0.33320750294098606,0.0,0.5,0.5,-0.0,-1025.0,-1025.0,-615.0,-615.0,-615.0,-37.07991173010605,,,,0,39.20088269893954,705.0,35054.0,87045.0,-4920.0,,,-4920.0,,,-1550.0,,,-2050,,
HERS_electricity_efficient_residential_whole_home_natural_gas_baseline_residential,residential,NLIRRepl,none,test_utility_3,RENO,whole_home_natural_gas_baseline_residential,HERS_electricity_efficient_residential,single_family,unknown,30,-2050,,,,,10,0,,,,0,0.75,100.0,kWh,0.0,kWh,0.0,kWh,-2050,100.0,-2050,0,100,100,100,100,100,1,,,9568.284110604924,55912.02669534272,58322.778073030924,60476.40817801612,48944.65402227069,223655.86696866044,196.0044134946977,0.33320750294098606,0.0,0.5,0.5,-0.0,-1025.0,-1025.0,-615.0,-615.0,-615.0,-37.07991173010605,,,,0,39.20088269893954,705.0,35054.0,87045.0,-4920.0,,,-4920.0,,,-1550.0,,,-2050,,
